ISO-10303-21;
HEADER;
FILE_DESCRIPTION(('STEP AP242'),'1');
FILE_NAME('ai-3035-twt-3v-r.stp','2022-02-27T22:08:24',('TraceParts'),('TraceParts S.A.'),'Spatial InterOp 3D',' ',' ');
FILE_SCHEMA(('AP242_MANAGED_MODEL_BASED_3D_ENGINEERING_MIM_LF  {1 0 10303 442 1 1 4}'));
ENDSEC;
DATA;
#1=MECHANICAL_DESIGN_GEOMETRIC_PRESENTATION_REPRESENTATION(' ',(#12,#13,#14,#15,#16,#17,#18,#19,#20,#21,#22,#23,#24,#25,#26,#27,#28,#29,#30,#31,#32,#33,#34,#35,#36,#37,#38,#39,#40,#41,#42,#43,#44,#45,#46,#47,#48,#49,#50,#51,#52,#53,#54,#55,#56,#57,#58,#59,#60,#61,#62,#63,#64,#65,#66,#67),#8);
#2=PRODUCT_DEFINITION_CONTEXT('',#68,'design');
#3=APPLICATION_PROTOCOL_DEFINITION('INTERNATIONAL STANDARD','ap242_managed_model_based_3d_engineering',2014,#68);
#4=PRODUCT_CATEGORY_RELATIONSHIP('NONE','NONE',#69,#70);
#5=SHAPE_DEFINITION_REPRESENTATION(#71,#72);
#6=SHAPE_DEFINITION_REPRESENTATION(#71,#73);
#7=SHAPE_DEFINITION_REPRESENTATION(#71,#74);
#8= (GEOMETRIC_REPRESENTATION_CONTEXT(3)GLOBAL_UNCERTAINTY_ASSIGNED_CONTEXT((#77))GLOBAL_UNIT_ASSIGNED_CONTEXT((#79,#80,#81))REPRESENTATION_CONTEXT('NONE','WORKSPACE'));
#12=STYLED_ITEM('',(#83),#84);
#13=STYLED_ITEM('',(#85),#86);
#14=STYLED_ITEM('',(#87),#88);
#15=STYLED_ITEM('',(#89),#90);
#16=STYLED_ITEM('',(#91),#92);
#17=STYLED_ITEM('',(#93),#94);
#18=STYLED_ITEM('',(#95),#96);
#19=STYLED_ITEM('',(#97),#98);
#20=STYLED_ITEM('',(#99),#100);
#21=STYLED_ITEM('',(#101),#102);
#22=STYLED_ITEM('',(#103),#104);
#23=STYLED_ITEM('',(#105),#106);
#24=STYLED_ITEM('',(#107),#108);
#25=STYLED_ITEM('',(#109),#110);
#26=STYLED_ITEM('',(#111),#112);
#27=STYLED_ITEM('',(#113),#114);
#28=STYLED_ITEM('',(#115),#116);
#29=STYLED_ITEM('',(#117),#118);
#30=STYLED_ITEM('',(#119),#120);
#31=STYLED_ITEM('',(#121),#122);
#32=STYLED_ITEM('',(#123),#124);
#33=STYLED_ITEM('',(#125),#126);
#34=STYLED_ITEM('',(#127),#128);
#35=STYLED_ITEM('',(#129),#130);
#36=STYLED_ITEM('',(#131),#132);
#37=STYLED_ITEM('',(#133),#134);
#38=STYLED_ITEM('',(#135),#136);
#39=STYLED_ITEM('',(#137),#138);
#40=STYLED_ITEM('',(#139),#140);
#41=STYLED_ITEM('',(#141),#142);
#42=STYLED_ITEM('',(#143),#144);
#43=STYLED_ITEM('',(#145),#146);
#44=STYLED_ITEM('',(#147),#148);
#45=STYLED_ITEM('',(#149),#150);
#46=STYLED_ITEM('',(#151),#152);
#47=STYLED_ITEM('',(#153),#154);
#48=STYLED_ITEM('',(#155),#156);
#49=STYLED_ITEM('',(#157),#158);
#50=STYLED_ITEM('',(#159),#160);
#51=STYLED_ITEM('',(#161),#162);
#52=STYLED_ITEM('',(#163),#164);
#53=STYLED_ITEM('',(#165),#166);
#54=STYLED_ITEM('',(#167),#168);
#55=STYLED_ITEM('',(#169),#170);
#56=STYLED_ITEM('',(#171),#172);
#57=STYLED_ITEM('',(#173),#174);
#58=STYLED_ITEM('',(#175),#176);
#59=STYLED_ITEM('',(#177),#178);
#60=STYLED_ITEM('',(#179),#180);
#61=STYLED_ITEM('',(#181),#182);
#62=STYLED_ITEM('',(#183),#184);
#63=STYLED_ITEM('',(#185),#186);
#64=STYLED_ITEM('',(#187),#188);
#65=STYLED_ITEM('',(#189),#190);
#66=STYLED_ITEM('',(#191),#192);
#67=STYLED_ITEM('',(#193),#194);
#68=APPLICATION_CONTEXT('managed model based 3d engineering');
#69=PRODUCT_CATEGORY('part','NONE');
#70=PRODUCT_RELATED_PRODUCT_CATEGORY('detail',' ',(#195));
#71=PRODUCT_DEFINITION_SHAPE('NONE','NONE',#196);
#72=ADVANCED_BREP_SHAPE_REPRESENTATION('ai-3035-twt-3v-r_1',(#106,#197),#8);
#73=ADVANCED_BREP_SHAPE_REPRESENTATION('ai-3035-twt-3v-r_2',(#116,#198),#8);
#74=ADVANCED_BREP_SHAPE_REPRESENTATION('ai-3035-twt-3v-r_3',(#194,#199),#8);
#77=UNCERTAINTY_MEASURE_WITH_UNIT(LENGTH_MEASURE(1.0E-06),#79,'','');
#79= (CONVERSION_BASED_UNIT('MILLIMETRE',#202)LENGTH_UNIT()NAMED_UNIT(#205));
#80= (NAMED_UNIT(#207)PLANE_ANGLE_UNIT()SI_UNIT($,.RADIAN.));
#81= (NAMED_UNIT(#207)SOLID_ANGLE_UNIT()SI_UNIT($,.STERADIAN.));
#83=PRESENTATION_STYLE_ASSIGNMENT((#213));
#84=ADVANCED_FACE('',(#214),#215,.T.);
#85=PRESENTATION_STYLE_ASSIGNMENT((#216));
#86=ADVANCED_FACE('',(#217),#218,.T.);
#87=PRESENTATION_STYLE_ASSIGNMENT((#219));
#88=ADVANCED_FACE('',(#220),#221,.T.);
#89=PRESENTATION_STYLE_ASSIGNMENT((#222));
#90=ADVANCED_FACE('',(#223),#224,.T.);
#91=PRESENTATION_STYLE_ASSIGNMENT((#225));
#92=ADVANCED_FACE('',(#226),#227,.T.);
#93=PRESENTATION_STYLE_ASSIGNMENT((#228));
#94=ADVANCED_FACE('',(#229),#230,.F.);
#95=PRESENTATION_STYLE_ASSIGNMENT((#231));
#96=ADVANCED_FACE('',(#232),#233,.T.);
#97=PRESENTATION_STYLE_ASSIGNMENT((#234));
#98=ADVANCED_FACE('',(#235),#236,.F.);
#99=PRESENTATION_STYLE_ASSIGNMENT((#237));
#100=ADVANCED_FACE('',(#238),#239,.T.);
#101=PRESENTATION_STYLE_ASSIGNMENT((#240));
#102=ADVANCED_FACE('',(#241),#242,.T.);
#103=PRESENTATION_STYLE_ASSIGNMENT((#243));
#104=ADVANCED_FACE('',(#244),#245,.T.);
#105=PRESENTATION_STYLE_ASSIGNMENT((#246));
#106=MANIFOLD_SOLID_BREP('ai-3035-twt-3v-r_1',#247);
#107=PRESENTATION_STYLE_ASSIGNMENT((#248));
#108=ADVANCED_FACE('',(#249),#250,.T.);
#109=PRESENTATION_STYLE_ASSIGNMENT((#251));
#110=ADVANCED_FACE('',(#252),#253,.T.);
#111=PRESENTATION_STYLE_ASSIGNMENT((#254));
#112=ADVANCED_FACE('',(#255),#256,.F.);
#113=PRESENTATION_STYLE_ASSIGNMENT((#257));
#114=ADVANCED_FACE('',(#258),#259,.T.);
#115=PRESENTATION_STYLE_ASSIGNMENT((#260));
#116=MANIFOLD_SOLID_BREP('ai-3035-twt-3v-r_2',#261);
#117=PRESENTATION_STYLE_ASSIGNMENT((#262));
#118=ADVANCED_FACE('',(#263),#264,.T.);
#119=PRESENTATION_STYLE_ASSIGNMENT((#265));
#120=ADVANCED_FACE('',(#266),#267,.T.);
#121=PRESENTATION_STYLE_ASSIGNMENT((#268));
#122=ADVANCED_FACE('',(#269),#270,.F.);
#123=PRESENTATION_STYLE_ASSIGNMENT((#271));
#124=ADVANCED_FACE('',(#272),#273,.F.);
#125=PRESENTATION_STYLE_ASSIGNMENT((#274));
#126=ADVANCED_FACE('',(#275),#276,.T.);
#127=PRESENTATION_STYLE_ASSIGNMENT((#277));
#128=ADVANCED_FACE('',(#278),#279,.T.);
#129=PRESENTATION_STYLE_ASSIGNMENT((#280));
#130=ADVANCED_FACE('',(#281),#282,.F.);
#131=PRESENTATION_STYLE_ASSIGNMENT((#283));
#132=ADVANCED_FACE('',(#284),#285,.T.);
#133=PRESENTATION_STYLE_ASSIGNMENT((#286));
#134=ADVANCED_FACE('',(#287),#288,.T.);
#135=PRESENTATION_STYLE_ASSIGNMENT((#289));
#136=ADVANCED_FACE('',(#290),#291,.T.);
#137=PRESENTATION_STYLE_ASSIGNMENT((#292));
#138=ADVANCED_FACE('',(#293),#294,.T.);
#139=PRESENTATION_STYLE_ASSIGNMENT((#295));
#140=ADVANCED_FACE('',(#296),#297,.T.);
#141=PRESENTATION_STYLE_ASSIGNMENT((#298));
#142=ADVANCED_FACE('',(#299),#300,.T.);
#143=PRESENTATION_STYLE_ASSIGNMENT((#301));
#144=ADVANCED_FACE('',(#302),#303,.T.);
#145=PRESENTATION_STYLE_ASSIGNMENT((#304));
#146=ADVANCED_FACE('',(#305),#306,.T.);
#147=PRESENTATION_STYLE_ASSIGNMENT((#307));
#148=ADVANCED_FACE('',(#308),#309,.F.);
#149=PRESENTATION_STYLE_ASSIGNMENT((#310));
#150=ADVANCED_FACE('',(#311),#312,.T.);
#151=PRESENTATION_STYLE_ASSIGNMENT((#313));
#152=ADVANCED_FACE('',(#314),#315,.T.);
#153=PRESENTATION_STYLE_ASSIGNMENT((#316));
#154=ADVANCED_FACE('',(#317),#318,.T.);
#155=PRESENTATION_STYLE_ASSIGNMENT((#319));
#156=ADVANCED_FACE('',(#320),#321,.T.);
#157=PRESENTATION_STYLE_ASSIGNMENT((#322));
#158=ADVANCED_FACE('',(#323),#324,.F.);
#159=PRESENTATION_STYLE_ASSIGNMENT((#325));
#160=ADVANCED_FACE('',(#326),#327,.T.);
#161=PRESENTATION_STYLE_ASSIGNMENT((#328));
#162=ADVANCED_FACE('',(#329),#330,.T.);
#163=PRESENTATION_STYLE_ASSIGNMENT((#331));
#164=ADVANCED_FACE('',(#332),#333,.T.);
#165=PRESENTATION_STYLE_ASSIGNMENT((#334));
#166=ADVANCED_FACE('',(#335),#336,.T.);
#167=PRESENTATION_STYLE_ASSIGNMENT((#337));
#168=ADVANCED_FACE('',(#338),#339,.F.);
#169=PRESENTATION_STYLE_ASSIGNMENT((#340));
#170=ADVANCED_FACE('',(#341),#342,.T.);
#171=PRESENTATION_STYLE_ASSIGNMENT((#343));
#172=ADVANCED_FACE('',(#344),#345,.T.);
#173=PRESENTATION_STYLE_ASSIGNMENT((#346));
#174=ADVANCED_FACE('',(#347),#348,.T.);
#175=PRESENTATION_STYLE_ASSIGNMENT((#349));
#176=ADVANCED_FACE('',(#350),#351,.T.);
#177=PRESENTATION_STYLE_ASSIGNMENT((#352));
#178=ADVANCED_FACE('',(#353),#354,.T.);
#179=PRESENTATION_STYLE_ASSIGNMENT((#355));
#180=ADVANCED_FACE('',(#356,#357),#358,.F.);
#181=PRESENTATION_STYLE_ASSIGNMENT((#359));
#182=ADVANCED_FACE('',(#360),#361,.F.);
#183=PRESENTATION_STYLE_ASSIGNMENT((#362));
#184=ADVANCED_FACE('',(#363),#364,.F.);
#185=PRESENTATION_STYLE_ASSIGNMENT((#365));
#186=ADVANCED_FACE('',(#366,#367),#368,.T.);
#187=PRESENTATION_STYLE_ASSIGNMENT((#369));
#188=ADVANCED_FACE('',(#370),#371,.T.);
#189=PRESENTATION_STYLE_ASSIGNMENT((#372));
#190=ADVANCED_FACE('',(#373),#374,.T.);
#191=PRESENTATION_STYLE_ASSIGNMENT((#375));
#192=ADVANCED_FACE('',(#376,#377),#378,.F.);
#193=PRESENTATION_STYLE_ASSIGNMENT((#379));
#194=MANIFOLD_SOLID_BREP('ai-3035-twt-3v-r_3',#380);
#195=PRODUCT('ai-3035-twt-3v-r_1','','PART--DESC',(#381));
#196=PRODUCT_DEFINITION('','NONE',#382,#2);
#197=AXIS2_PLACEMENT_3D('',#383,#384,#385);
#198=AXIS2_PLACEMENT_3D('',#386,#387,#388);
#199=AXIS2_PLACEMENT_3D('',#389,#390,#391);
#202=LENGTH_MEASURE_WITH_UNIT(LENGTH_MEASURE(1.0),#392);
#205=DIMENSIONAL_EXPONENTS(1.0,0.0,0.0,0.0,0.0,0.0,0.0);
#207=DIMENSIONAL_EXPONENTS(0.0,0.0,0.0,0.0,0.0,0.0,0.0);
#213=SURFACE_STYLE_USAGE(.BOTH.,#393);
#214=FACE_OUTER_BOUND('',#394,.T.);
#215=(B_SPLINE_SURFACE(2,2,((#396,#397,#398,#399,#400,#401,#402,#403,#404),(#405,#406,#407,#408,#409,#410,#411,#412,#413),(#414,#415,#416,#417,#418,#419,#420,#421,#422)),.UNSPECIFIED.,.F.,.T.,.F.)B_SPLINE_SURFACE_WITH_KNOTS((3,3),(3,2,2,2,3),(-1.58329265091051,-1.36464887305596),(-3.14159265358979,-1.5707963267949,0.0,1.5707963267949,3.14159265358979),.UNSPECIFIED.)RATIONAL_B_SPLINE_SURFACE(((1.0,0.707106781186548,1.0,0.707106781186548,1.0,0.707106781186548,1.0,0.707106781186548,1.0),(0.994030311304629,0.702885573828478,0.994030311304629,0.702885573828478,0.994030311304629,0.702885573828478,0.994030311304629,0.702885573828478,0.994030311304629),(1.0,0.707106781186548,1.0,0.707106781186548,1.0,0.707106781186548,1.0,0.707106781186548,1.0)))BOUNDED_SURFACE()REPRESENTATION_ITEM('')GEOMETRIC_REPRESENTATION_ITEM()SURFACE());
#216=SURFACE_STYLE_USAGE(.BOTH.,#429);
#217=FACE_OUTER_BOUND('',#430,.T.);
#218=CYLINDRICAL_SURFACE('',#431,13.899);
#219=SURFACE_STYLE_USAGE(.BOTH.,#432);
#220=FACE_OUTER_BOUND('',#433,.T.);
#221=CYLINDRICAL_SURFACE('',#434,0.4);
#222=SURFACE_STYLE_USAGE(.BOTH.,#435);
#223=FACE_OUTER_BOUND('',#436,.T.);
#224=CYLINDRICAL_SURFACE('',#437,0.4);
#225=SURFACE_STYLE_USAGE(.BOTH.,#438);
#226=FACE_OUTER_BOUND('',#439,.T.);
#227=CYLINDRICAL_SURFACE('',#440,0.4);
#228=SURFACE_STYLE_USAGE(.BOTH.,#441);
#229=FACE_OUTER_BOUND('',#442,.T.);
#230=PLANE('',#443);
#231=SURFACE_STYLE_USAGE(.BOTH.,#444);
#232=FACE_OUTER_BOUND('',#445,.T.);
#233=CYLINDRICAL_SURFACE('',#446,0.4);
#234=SURFACE_STYLE_USAGE(.BOTH.,#447);
#235=FACE_OUTER_BOUND('',#448,.T.);
#236=PLANE('',#449);
#237=SURFACE_STYLE_USAGE(.BOTH.,#450);
#238=FACE_OUTER_BOUND('',#451,.T.);
#239=(B_SPLINE_SURFACE(2,2,((#453,#454,#455,#456,#457,#458,#459,#460,#461),(#462,#463,#464,#465,#466,#467,#468,#469,#470),(#471,#472,#473,#474,#475,#476,#477,#478,#479)),.UNSPECIFIED.,.F.,.T.,.F.)B_SPLINE_SURFACE_WITH_KNOTS((3,3),(3,2,2,2,3),(-1.58329265091051,-1.36464887305596),(-3.14159265358979,-1.5707963267949,0.0,1.5707963267949,3.14159265358979),.UNSPECIFIED.)RATIONAL_B_SPLINE_SURFACE(((1.0,0.707106781186548,1.0,0.707106781186548,1.0,0.707106781186548,1.0,0.707106781186548,1.0),(0.994030311304629,0.702885573828478,0.994030311304629,0.702885573828478,0.994030311304629,0.702885573828478,0.994030311304629,0.702885573828478,0.994030311304629),(1.0,0.707106781186548,1.0,0.707106781186548,1.0,0.707106781186548,1.0,0.707106781186548,1.0)))BOUNDED_SURFACE()REPRESENTATION_ITEM('')GEOMETRIC_REPRESENTATION_ITEM()SURFACE());
#240=SURFACE_STYLE_USAGE(.BOTH.,#486);
#241=FACE_OUTER_BOUND('',#487,.T.);
#242=PLANE('',#488);
#243=SURFACE_STYLE_USAGE(.BOTH.,#489);
#244=FACE_OUTER_BOUND('',#490,.T.);
#245=CYLINDRICAL_SURFACE('',#491,13.899);
#246=SURFACE_STYLE_USAGE(.BOTH.,#492);
#247=CLOSED_SHELL('',(#84,#86,#88,#90,#92,#94,#96,#98,#100,#102,#104));
#248=SURFACE_STYLE_USAGE(.BOTH.,#493);
#249=FACE_OUTER_BOUND('',#494,.T.);
#250=CYLINDRICAL_SURFACE('',#495,13.895);
#251=SURFACE_STYLE_USAGE(.BOTH.,#496);
#252=FACE_OUTER_BOUND('',#497,.T.);
#253=CYLINDRICAL_SURFACE('',#498,13.895);
#254=SURFACE_STYLE_USAGE(.BOTH.,#499);
#255=FACE_OUTER_BOUND('',#500,.T.);
#256=PLANE('',#501);
#257=SURFACE_STYLE_USAGE(.BOTH.,#502);
#258=FACE_OUTER_BOUND('',#503,.T.);
#259=PLANE('',#504);
#260=SURFACE_STYLE_USAGE(.BOTH.,#505);
#261=CLOSED_SHELL('',(#108,#110,#112,#114));
#262=SURFACE_STYLE_USAGE(.BOTH.,#506);
#263=FACE_OUTER_BOUND('',#507,.T.);
#264=CYLINDRICAL_SURFACE('',#508,15.0);
#265=SURFACE_STYLE_USAGE(.BOTH.,#509);
#266=FACE_OUTER_BOUND('',#510,.T.);
#267=TOROIDAL_SURFACE('',#511,14.0,1.0);
#268=SURFACE_STYLE_USAGE(.BOTH.,#512);
#269=FACE_OUTER_BOUND('',#513,.T.);
#270=CYLINDRICAL_SURFACE('',#514,13.9);
#271=SURFACE_STYLE_USAGE(.BOTH.,#515);
#272=FACE_OUTER_BOUND('',#516,.T.);
#273=CYLINDRICAL_SURFACE('',#517,3.5);
#274=SURFACE_STYLE_USAGE(.BOTH.,#518);
#275=FACE_OUTER_BOUND('',#519,.T.);
#276=CYLINDRICAL_SURFACE('',#520,13.425);
#277=SURFACE_STYLE_USAGE(.BOTH.,#521);
#278=FACE_OUTER_BOUND('',#522,.T.);
#279=CYLINDRICAL_SURFACE('',#523,9.5);
#280=SURFACE_STYLE_USAGE(.BOTH.,#524);
#281=FACE_OUTER_BOUND('',#525,.T.);
#282=PLANE('',#526);
#283=SURFACE_STYLE_USAGE(.BOTH.,#527);
#284=FACE_OUTER_BOUND('',#528,.T.);
#285=PLANE('',#529);
#286=SURFACE_STYLE_USAGE(.BOTH.,#530);
#287=FACE_OUTER_BOUND('',#531,.T.);
#288=CYLINDRICAL_SURFACE('',#532,9.5);
#289=SURFACE_STYLE_USAGE(.BOTH.,#533);
#290=FACE_OUTER_BOUND('',#534,.T.);
#291=PLANE('',#535);
#292=SURFACE_STYLE_USAGE(.BOTH.,#536);
#293=FACE_OUTER_BOUND('',#537,.T.);
#294=CYLINDRICAL_SURFACE('',#538,3.75);
#295=SURFACE_STYLE_USAGE(.BOTH.,#539);
#296=FACE_OUTER_BOUND('',#540,.T.);
#297=PLANE('',#541);
#298=SURFACE_STYLE_USAGE(.BOTH.,#542);
#299=FACE_OUTER_BOUND('',#543,.T.);
#300=CYLINDRICAL_SURFACE('',#544,15.0110167876796);
#301=SURFACE_STYLE_USAGE(.BOTH.,#545);
#302=FACE_OUTER_BOUND('',#546,.T.);
#303=PLANE('',#547);
#304=SURFACE_STYLE_USAGE(.BOTH.,#548);
#305=FACE_OUTER_BOUND('',#549,.T.);
#306=PLANE('',#550);
#307=SURFACE_STYLE_USAGE(.BOTH.,#551);
#308=FACE_OUTER_BOUND('',#552,.T.);
#309=PLANE('',#553);
#310=SURFACE_STYLE_USAGE(.BOTH.,#554);
#311=FACE_OUTER_BOUND('',#555,.T.);
#312=PLANE('',#556);
#313=SURFACE_STYLE_USAGE(.BOTH.,#557);
#314=FACE_OUTER_BOUND('',#558,.T.);
#315=CYLINDRICAL_SURFACE('',#559,15.0110167876796);
#316=SURFACE_STYLE_USAGE(.BOTH.,#560);
#317=FACE_OUTER_BOUND('',#561,.T.);
#318=PLANE('',#562);
#319=SURFACE_STYLE_USAGE(.BOTH.,#563);
#320=FACE_OUTER_BOUND('',#564,.T.);
#321=PLANE('',#565);
#322=SURFACE_STYLE_USAGE(.BOTH.,#566);
#323=FACE_OUTER_BOUND('',#567,.T.);
#324=PLANE('',#568);
#325=SURFACE_STYLE_USAGE(.BOTH.,#569);
#326=FACE_OUTER_BOUND('',#570,.T.);
#327=PLANE('',#571);
#328=SURFACE_STYLE_USAGE(.BOTH.,#572);
#329=FACE_OUTER_BOUND('',#573,.T.);
#330=CYLINDRICAL_SURFACE('',#574,15.0110167876796);
#331=SURFACE_STYLE_USAGE(.BOTH.,#575);
#332=FACE_OUTER_BOUND('',#576,.T.);
#333=PLANE('',#577);
#334=SURFACE_STYLE_USAGE(.BOTH.,#578);
#335=FACE_OUTER_BOUND('',#579,.T.);
#336=PLANE('',#580);
#337=SURFACE_STYLE_USAGE(.BOTH.,#581);
#338=FACE_OUTER_BOUND('',#582,.T.);
#339=PLANE('',#583);
#340=SURFACE_STYLE_USAGE(.BOTH.,#584);
#341=FACE_OUTER_BOUND('',#585,.T.);
#342=PLANE('',#586);
#343=SURFACE_STYLE_USAGE(.BOTH.,#587);
#344=FACE_OUTER_BOUND('',#588,.T.);
#345=PLANE('',#589);
#346=SURFACE_STYLE_USAGE(.BOTH.,#590);
#347=FACE_OUTER_BOUND('',#591,.T.);
#348=PLANE('',#592);
#349=SURFACE_STYLE_USAGE(.BOTH.,#593);
#350=FACE_OUTER_BOUND('',#594,.T.);
#351=PLANE('',#595);
#352=SURFACE_STYLE_USAGE(.BOTH.,#596);
#353=FACE_OUTER_BOUND('',#597,.T.);
#354=CYLINDRICAL_SURFACE('',#598,13.425);
#355=SURFACE_STYLE_USAGE(.BOTH.,#599);
#356=FACE_OUTER_BOUND('',#600,.T.);
#357=FACE_BOUND('',#601,.T.);
#358=PLANE('',#602);
#359=SURFACE_STYLE_USAGE(.BOTH.,#603);
#360=FACE_OUTER_BOUND('',#604,.T.);
#361=CYLINDRICAL_SURFACE('',#605,3.5);
#362=SURFACE_STYLE_USAGE(.BOTH.,#606);
#363=FACE_OUTER_BOUND('',#607,.T.);
#364=CYLINDRICAL_SURFACE('',#608,13.9);
#365=SURFACE_STYLE_USAGE(.BOTH.,#609);
#366=FACE_OUTER_BOUND('',#610,.T.);
#367=FACE_BOUND('',#611,.T.);
#368=PLANE('',#612);
#369=SURFACE_STYLE_USAGE(.BOTH.,#613);
#370=FACE_OUTER_BOUND('',#614,.T.);
#371=TOROIDAL_SURFACE('',#615,14.0,1.0);
#372=SURFACE_STYLE_USAGE(.BOTH.,#616);
#373=FACE_OUTER_BOUND('',#617,.T.);
#374=CYLINDRICAL_SURFACE('',#618,15.0);
#375=SURFACE_STYLE_USAGE(.BOTH.,#619);
#376=FACE_OUTER_BOUND('',#620,.T.);
#377=FACE_BOUND('',#621,.T.);
#378=PLANE('',#622);
#379=SURFACE_STYLE_USAGE(.BOTH.,#623);
#380=CLOSED_SHELL('',(#118,#120,#122,#124,#126,#128,#130,#132,#134,#136,#138,#140,#142,#144,#146,#148,#150,#152,#154,#156,#158,#160,#162,#164,#166,#168,#170,#172,#174,#176,#178,#180,#182,#184,#186,#188,#190,#192));
#381=PRODUCT_CONTEXT('',#68,'mechanical');
#382=PRODUCT_DEFINITION_FORMATION_WITH_SPECIFIED_SOURCE(' ','NONE',#195,.NOT_KNOWN.);
#383=CARTESIAN_POINT('',(0.0,0.0,0.0));
#384=DIRECTION('',(0.0,0.0,1.0));
#385=DIRECTION('',(1.0,0.0,0.0));
#386=CARTESIAN_POINT('',(0.0,0.0,0.0));
#387=DIRECTION('',(0.0,0.0,1.0));
#388=DIRECTION('',(1.0,0.0,0.0));
#389=CARTESIAN_POINT('',(0.0,0.0,0.0));
#390=DIRECTION('',(0.0,0.0,1.0));
#391=DIRECTION('',(1.0,0.0,0.0));
#392= (NAMED_UNIT(#205)LENGTH_UNIT()SI_UNIT(.MILLI.,.METRE.));
#393=SURFACE_SIDE_STYLE('',(#625));
#394=EDGE_LOOP('',(#626,#627,#628,#629,#630,#631,#632,#633));
#396=CARTESIAN_POINT('',(-6.52256026967279E-15,4.12172945071166E-17,1.35000000000002));
#397=CARTESIAN_POINT('',(-6.52256026967279E-15,4.12172945071166E-17,1.35000000000002));
#398=CARTESIAN_POINT('',(-6.52256026967279E-15,4.12172945071166E-17,1.35000000000002));
#399=CARTESIAN_POINT('',(-6.52256026967279E-15,4.12172945071166E-17,1.35000000000002));
#400=CARTESIAN_POINT('',(-6.52256026967279E-15,4.12172945071166E-17,1.35000000000002));
#401=CARTESIAN_POINT('',(-6.52256026967279E-15,4.12172945071166E-17,1.35000000000002));
#402=CARTESIAN_POINT('',(-6.52256026967279E-15,4.12172945071166E-17,1.35000000000002));
#403=CARTESIAN_POINT('',(-6.52256026967279E-15,4.12172945071166E-17,1.35000000000002));
#404=CARTESIAN_POINT('',(-6.52256026967279E-15,4.12172945071166E-17,1.35000000000002));
#405=CARTESIAN_POINT('',(7.02358765778697,2.50935463649337E-17,1.43777359672689));
#406=CARTESIAN_POINT('',(7.02358765778697,-7.02358765778697,1.43777359672689));
#407=CARTESIAN_POINT('',(4.26644460953776E-31,-7.02358765778697,1.43777359672689));
#408=CARTESIAN_POINT('',(-7.02358765778697,-7.02358765778697,1.43777359672689));
#409=CARTESIAN_POINT('',(-7.02358765778697,2.50935463649327E-17,1.43777359672689));
#410=CARTESIAN_POINT('',(-7.02358765778697,7.02358765778697,1.43777359672689));
#411=CARTESIAN_POINT('',(-4.26644460953776E-31,7.02358765778697,1.43777359672689));
#412=CARTESIAN_POINT('',(7.02358765778697,7.02358765778697,1.43777359672689));
#413=CARTESIAN_POINT('',(7.02358765778697,2.50935463649337E-17,1.43777359672689));
#414=CARTESIAN_POINT('',(13.899,2.89208271334459E-16,8.88178419700125E-15));
#415=CARTESIAN_POINT('',(13.899,-13.899,6.32857931779889E-15));
#416=CARTESIAN_POINT('',(1.97215226305253E-30,-13.899,6.32857931779889E-15));
#417=CARTESIAN_POINT('',(-13.899,-13.899,6.32857931779889E-15));
#418=CARTESIAN_POINT('',(-13.899,2.89208271334455E-16,8.88178419700125E-15));
#419=CARTESIAN_POINT('',(-13.899,13.899,1.14349890762036E-14));
#420=CARTESIAN_POINT('',(-1.97215226305253E-30,13.899,1.14349890762036E-14));
#421=CARTESIAN_POINT('',(13.899,13.899,1.14349890762036E-14));
#422=CARTESIAN_POINT('',(13.899,2.89208271334459E-16,8.88178419700125E-15));
#429=SURFACE_SIDE_STYLE('',(#634));
#430=EDGE_LOOP('',(#635,#636,#637,#638,#639));
#431=AXIS2_PLACEMENT_3D('',#640,#641,#642);
#432=SURFACE_SIDE_STYLE('',(#643));
#433=EDGE_LOOP('',(#644,#645,#646,#647));
#434=AXIS2_PLACEMENT_3D('',#648,#649,#650);
#435=SURFACE_SIDE_STYLE('',(#651));
#436=EDGE_LOOP('',(#652,#653,#654,#655));
#437=AXIS2_PLACEMENT_3D('',#656,#657,#658);
#438=SURFACE_SIDE_STYLE('',(#659));
#439=EDGE_LOOP('',(#660,#661,#662,#663));
#440=AXIS2_PLACEMENT_3D('',#664,#665,#666);
#441=SURFACE_SIDE_STYLE('',(#667));
#442=EDGE_LOOP('',(#668,#669));
#443=AXIS2_PLACEMENT_3D('',#670,#671,#672);
#444=SURFACE_SIDE_STYLE('',(#673));
#445=EDGE_LOOP('',(#674,#675,#676,#677));
#446=AXIS2_PLACEMENT_3D('',#678,#679,#680);
#447=SURFACE_SIDE_STYLE('',(#681));
#448=EDGE_LOOP('',(#682,#683));
#449=AXIS2_PLACEMENT_3D('',#684,#685,#686);
#450=SURFACE_SIDE_STYLE('',(#687));
#451=EDGE_LOOP('',(#688,#689,#690,#691,#692,#693,#694,#695));
#453=CARTESIAN_POINT('',(-6.52256026967279E-15,4.12172945071166E-17,1.35000000000002));
#454=CARTESIAN_POINT('',(-6.52256026967279E-15,4.12172945071166E-17,1.35000000000002));
#455=CARTESIAN_POINT('',(-6.52256026967279E-15,4.12172945071166E-17,1.35000000000002));
#456=CARTESIAN_POINT('',(-6.52256026967279E-15,4.12172945071166E-17,1.35000000000002));
#457=CARTESIAN_POINT('',(-6.52256026967279E-15,4.12172945071166E-17,1.35000000000002));
#458=CARTESIAN_POINT('',(-6.52256026967279E-15,4.12172945071166E-17,1.35000000000002));
#459=CARTESIAN_POINT('',(-6.52256026967279E-15,4.12172945071166E-17,1.35000000000002));
#460=CARTESIAN_POINT('',(-6.52256026967279E-15,4.12172945071166E-17,1.35000000000002));
#461=CARTESIAN_POINT('',(-6.52256026967279E-15,4.12172945071166E-17,1.35000000000002));
#462=CARTESIAN_POINT('',(7.02358765778697,2.50935463649337E-17,1.43777359672689));
#463=CARTESIAN_POINT('',(7.02358765778697,-7.02358765778697,1.43777359672689));
#464=CARTESIAN_POINT('',(4.26644460953776E-31,-7.02358765778697,1.43777359672689));
#465=CARTESIAN_POINT('',(-7.02358765778697,-7.02358765778697,1.43777359672689));
#466=CARTESIAN_POINT('',(-7.02358765778697,2.50935463649327E-17,1.43777359672689));
#467=CARTESIAN_POINT('',(-7.02358765778697,7.02358765778697,1.43777359672689));
#468=CARTESIAN_POINT('',(-4.26644460953776E-31,7.02358765778697,1.43777359672689));
#469=CARTESIAN_POINT('',(7.02358765778697,7.02358765778697,1.43777359672689));
#470=CARTESIAN_POINT('',(7.02358765778697,2.50935463649337E-17,1.43777359672689));
#471=CARTESIAN_POINT('',(13.899,2.89208271334459E-16,8.88178419700125E-15));
#472=CARTESIAN_POINT('',(13.899,-13.899,6.32857931779889E-15));
#473=CARTESIAN_POINT('',(1.97215226305253E-30,-13.899,6.32857931779889E-15));
#474=CARTESIAN_POINT('',(-13.899,-13.899,6.32857931779889E-15));
#475=CARTESIAN_POINT('',(-13.899,2.89208271334455E-16,8.88178419700125E-15));
#476=CARTESIAN_POINT('',(-13.899,13.899,1.14349890762036E-14));
#477=CARTESIAN_POINT('',(-1.97215226305253E-30,13.899,1.14349890762036E-14));
#478=CARTESIAN_POINT('',(13.899,13.899,1.14349890762036E-14));
#479=CARTESIAN_POINT('',(13.899,2.89208271334459E-16,8.88178419700125E-15));
#486=SURFACE_SIDE_STYLE('',(#696));
#487=EDGE_LOOP('',(#697,#698));
#488=AXIS2_PLACEMENT_3D('',#699,#700,#701);
#489=SURFACE_SIDE_STYLE('',(#702));
#490=EDGE_LOOP('',(#703,#704,#705,#706,#707));
#491=AXIS2_PLACEMENT_3D('',#708,#709,#710);
#492=SURFACE_SIDE_STYLE('',(#711));
#493=SURFACE_SIDE_STYLE('',(#712));
#494=EDGE_LOOP('',(#713,#714,#715,#716));
#495=AXIS2_PLACEMENT_3D('',#717,#718,#719);
#496=SURFACE_SIDE_STYLE('',(#720));
#497=EDGE_LOOP('',(#721,#722,#723,#724));
#498=AXIS2_PLACEMENT_3D('',#725,#726,#727);
#499=SURFACE_SIDE_STYLE('',(#728));
#500=EDGE_LOOP('',(#729,#730));
#501=AXIS2_PLACEMENT_3D('',#731,#732,#733);
#502=SURFACE_SIDE_STYLE('',(#734));
#503=EDGE_LOOP('',(#735,#736));
#504=AXIS2_PLACEMENT_3D('',#737,#738,#739);
#505=SURFACE_SIDE_STYLE('',(#740));
#506=SURFACE_SIDE_STYLE('',(#741));
#507=EDGE_LOOP('',(#742,#743,#744,#745,#746,#747,#748));
#508=AXIS2_PLACEMENT_3D('',#749,#750,#751);
#509=SURFACE_SIDE_STYLE('',(#752));
#510=EDGE_LOOP('',(#753,#754,#755,#756));
#511=AXIS2_PLACEMENT_3D('',#757,#758,#759);
#512=SURFACE_SIDE_STYLE('',(#760));
#513=EDGE_LOOP('',(#761,#762,#763,#764,#765,#766,#767,#768,#769,#770));
#514=AXIS2_PLACEMENT_3D('',#771,#772,#773);
#515=SURFACE_SIDE_STYLE('',(#774));
#516=EDGE_LOOP('',(#775,#776,#777,#778));
#517=AXIS2_PLACEMENT_3D('',#779,#780,#781);
#518=SURFACE_SIDE_STYLE('',(#782));
#519=EDGE_LOOP('',(#783,#784,#785,#786));
#520=AXIS2_PLACEMENT_3D('',#787,#788,#789);
#521=SURFACE_SIDE_STYLE('',(#790));
#522=EDGE_LOOP('',(#791,#792,#793,#794));
#523=AXIS2_PLACEMENT_3D('',#795,#796,#797);
#524=SURFACE_SIDE_STYLE('',(#798));
#525=EDGE_LOOP('',(#799,#800));
#526=AXIS2_PLACEMENT_3D('',#801,#802,#803);
#527=SURFACE_SIDE_STYLE('',(#804));
#528=EDGE_LOOP('',(#805,#806,#807,#808));
#529=AXIS2_PLACEMENT_3D('',#809,#810,#811);
#530=SURFACE_SIDE_STYLE('',(#812));
#531=EDGE_LOOP('',(#813,#814,#815,#816));
#532=AXIS2_PLACEMENT_3D('',#817,#818,#819);
#533=SURFACE_SIDE_STYLE('',(#820));
#534=EDGE_LOOP('',(#821,#822,#823,#824));
#535=AXIS2_PLACEMENT_3D('',#825,#826,#827);
#536=SURFACE_SIDE_STYLE('',(#828));
#537=EDGE_LOOP('',(#829,#830,#831,#832));
#538=AXIS2_PLACEMENT_3D('',#833,#834,#835);
#539=SURFACE_SIDE_STYLE('',(#836));
#540=EDGE_LOOP('',(#837,#838,#839,#840,#841));
#541=AXIS2_PLACEMENT_3D('',#842,#843,#844);
#542=SURFACE_SIDE_STYLE('',(#845));
#543=EDGE_LOOP('',(#846,#847,#848,#849));
#544=AXIS2_PLACEMENT_3D('',#850,#851,#852);
#545=SURFACE_SIDE_STYLE('',(#853));
#546=EDGE_LOOP('',(#854,#855,#856,#857,#858));
#547=AXIS2_PLACEMENT_3D('',#859,#860,#861);
#548=SURFACE_SIDE_STYLE('',(#862));
#549=EDGE_LOOP('',(#863,#864,#865,#866,#867));
#550=AXIS2_PLACEMENT_3D('',#868,#869,#870);
#551=SURFACE_SIDE_STYLE('',(#871));
#552=EDGE_LOOP('',(#872,#873,#874,#875));
#553=AXIS2_PLACEMENT_3D('',#876,#877,#878);
#554=SURFACE_SIDE_STYLE('',(#879));
#555=EDGE_LOOP('',(#880,#881,#882,#883));
#556=AXIS2_PLACEMENT_3D('',#884,#885,#886);
#557=SURFACE_SIDE_STYLE('',(#887));
#558=EDGE_LOOP('',(#888,#889,#890,#891));
#559=AXIS2_PLACEMENT_3D('',#892,#893,#894);
#560=SURFACE_SIDE_STYLE('',(#895));
#561=EDGE_LOOP('',(#896,#897,#898,#899,#900));
#562=AXIS2_PLACEMENT_3D('',#901,#902,#903);
#563=SURFACE_SIDE_STYLE('',(#904));
#564=EDGE_LOOP('',(#905,#906,#907,#908,#909));
#565=AXIS2_PLACEMENT_3D('',#910,#911,#912);
#566=SURFACE_SIDE_STYLE('',(#913));
#567=EDGE_LOOP('',(#914,#915,#916,#917,#918));
#568=AXIS2_PLACEMENT_3D('',#919,#920,#921);
#569=SURFACE_SIDE_STYLE('',(#922));
#570=EDGE_LOOP('',(#923,#924,#925,#926,#927));
#571=AXIS2_PLACEMENT_3D('',#928,#929,#930);
#572=SURFACE_SIDE_STYLE('',(#931));
#573=EDGE_LOOP('',(#932,#933,#934,#935));
#574=AXIS2_PLACEMENT_3D('',#936,#937,#938);
#575=SURFACE_SIDE_STYLE('',(#939));
#576=EDGE_LOOP('',(#940,#941,#942,#943,#944));
#577=AXIS2_PLACEMENT_3D('',#945,#946,#947);
#578=SURFACE_SIDE_STYLE('',(#948));
#579=EDGE_LOOP('',(#949,#950,#951,#952,#953));
#580=AXIS2_PLACEMENT_3D('',#954,#955,#956);
#581=SURFACE_SIDE_STYLE('',(#957));
#582=EDGE_LOOP('',(#958,#959,#960,#961));
#583=AXIS2_PLACEMENT_3D('',#962,#963,#964);
#584=SURFACE_SIDE_STYLE('',(#965));
#585=EDGE_LOOP('',(#966,#967,#968,#969));
#586=AXIS2_PLACEMENT_3D('',#970,#971,#972);
#587=SURFACE_SIDE_STYLE('',(#973));
#588=EDGE_LOOP('',(#974,#975,#976,#977));
#589=AXIS2_PLACEMENT_3D('',#978,#979,#980);
#590=SURFACE_SIDE_STYLE('',(#981));
#591=EDGE_LOOP('',(#982,#983,#984,#985,#986,#987));
#592=AXIS2_PLACEMENT_3D('',#988,#989,#990);
#593=SURFACE_SIDE_STYLE('',(#991));
#594=EDGE_LOOP('',(#992,#993,#994,#995));
#595=AXIS2_PLACEMENT_3D('',#996,#997,#998);
#596=SURFACE_SIDE_STYLE('',(#999));
#597=EDGE_LOOP('',(#1000,#1001,#1002,#1003));
#598=AXIS2_PLACEMENT_3D('',#1004,#1005,#1006);
#599=SURFACE_SIDE_STYLE('',(#1007));
#600=EDGE_LOOP('',(#1008,#1009));
#601=EDGE_LOOP('',(#1010,#1011,#1012,#1013,#1014));
#602=AXIS2_PLACEMENT_3D('',#1015,#1016,#1017);
#603=SURFACE_SIDE_STYLE('',(#1018));
#604=EDGE_LOOP('',(#1019,#1020,#1021,#1022));
#605=AXIS2_PLACEMENT_3D('',#1023,#1024,#1025);
#606=SURFACE_SIDE_STYLE('',(#1026));
#607=EDGE_LOOP('',(#1027,#1028,#1029,#1030,#1031,#1032,#1033,#1034,#1035,#1036));
#608=AXIS2_PLACEMENT_3D('',#1037,#1038,#1039);
#609=SURFACE_SIDE_STYLE('',(#1040));
#610=EDGE_LOOP('',(#1041,#1042));
#611=EDGE_LOOP('',(#1043,#1044));
#612=AXIS2_PLACEMENT_3D('',#1045,#1046,#1047);
#613=SURFACE_SIDE_STYLE('',(#1048));
#614=EDGE_LOOP('',(#1049,#1050,#1051,#1052));
#615=AXIS2_PLACEMENT_3D('',#1053,#1054,#1055);
#616=SURFACE_SIDE_STYLE('',(#1056));
#617=EDGE_LOOP('',(#1057,#1058,#1059,#1060,#1061,#1062,#1063));
#618=AXIS2_PLACEMENT_3D('',#1064,#1065,#1066);
#619=SURFACE_SIDE_STYLE('',(#1067));
#620=EDGE_LOOP('',(#1068,#1069));
#621=EDGE_LOOP('',(#1070,#1071));
#622=AXIS2_PLACEMENT_3D('',#1072,#1073,#1074);
#623=SURFACE_SIDE_STYLE('',(#1075));
#625=SURFACE_STYLE_FILL_AREA(#1076);
#626=ORIENTED_EDGE('',*,*,#1077,.F.);
#627=ORIENTED_EDGE('',*,*,#1078,.T.);
#628=ORIENTED_EDGE('',*,*,#1079,.T.);
#629=ORIENTED_EDGE('',*,*,#1080,.T.);
#630=ORIENTED_EDGE('',*,*,#1081,.T.);
#631=ORIENTED_EDGE('',*,*,#1082,.T.);
#632=ORIENTED_EDGE('',*,*,#1083,.F.);
#633=ORIENTED_EDGE('',*,*,#1084,.T.);
#634=SURFACE_STYLE_FILL_AREA(#1085);
#635=ORIENTED_EDGE('',*,*,#1086,.F.);
#636=ORIENTED_EDGE('',*,*,#1087,.T.);
#637=ORIENTED_EDGE('',*,*,#1088,.F.);
#638=ORIENTED_EDGE('',*,*,#1089,.F.);
#639=ORIENTED_EDGE('',*,*,#1079,.F.);
#640=CARTESIAN_POINT('',(0.0,6.36982433477163E-17,1.00324291383679));
#641=DIRECTION('',(0.0,-1.70793629517016E-16,1.0));
#642=DIRECTION('',(0.0,1.0,1.70793629517016E-16));
#643=SURFACE_STYLE_FILL_AREA(#1090);
#644=ORIENTED_EDGE('',*,*,#1091,.F.);
#645=ORIENTED_EDGE('',*,*,#1092,.F.);
#646=ORIENTED_EDGE('',*,*,#1093,.F.);
#647=ORIENTED_EDGE('',*,*,#1094,.T.);
#648=CARTESIAN_POINT('',(-7.5,0.0,2.0));
#649=DIRECTION('',(-0.0,0.0,1.0));
#650=DIRECTION('',(1.0,0.0,0.0));
#651=SURFACE_STYLE_FILL_AREA(#1095);
#652=ORIENTED_EDGE('',*,*,#1096,.F.);
#653=ORIENTED_EDGE('',*,*,#1097,.F.);
#654=ORIENTED_EDGE('',*,*,#1098,.F.);
#655=ORIENTED_EDGE('',*,*,#1099,.T.);
#656=CARTESIAN_POINT('',(7.5,0.0,2.0));
#657=DIRECTION('',(-0.0,0.0,1.0));
#658=DIRECTION('',(1.0,0.0,0.0));
#659=SURFACE_STYLE_FILL_AREA(#1100);
#660=ORIENTED_EDGE('',*,*,#1096,.T.);
#661=ORIENTED_EDGE('',*,*,#1101,.T.);
#662=ORIENTED_EDGE('',*,*,#1098,.T.);
#663=ORIENTED_EDGE('',*,*,#1081,.F.);
#664=CARTESIAN_POINT('',(7.5,0.0,2.0));
#665=DIRECTION('',(-0.0,0.0,1.0));
#666=DIRECTION('',(1.0,0.0,0.0));
#667=SURFACE_STYLE_FILL_AREA(#1102);
#668=ORIENTED_EDGE('',*,*,#1099,.F.);
#669=ORIENTED_EDGE('',*,*,#1101,.F.);
#670=CARTESIAN_POINT('',(7.5,0.0,-5.5));
#671=DIRECTION('',(0.0,0.0,1.0));
#672=DIRECTION('',(1.0,0.0,0.0));
#673=SURFACE_STYLE_FILL_AREA(#1103);
#674=ORIENTED_EDGE('',*,*,#1091,.T.);
#675=ORIENTED_EDGE('',*,*,#1104,.T.);
#676=ORIENTED_EDGE('',*,*,#1093,.T.);
#677=ORIENTED_EDGE('',*,*,#1084,.F.);
#678=CARTESIAN_POINT('',(-7.5,0.0,2.0));
#679=DIRECTION('',(-0.0,0.0,1.0));
#680=DIRECTION('',(1.0,0.0,0.0));
#681=SURFACE_STYLE_FILL_AREA(#1105);
#682=ORIENTED_EDGE('',*,*,#1094,.F.);
#683=ORIENTED_EDGE('',*,*,#1104,.F.);
#684=CARTESIAN_POINT('',(-7.5,0.0,-5.5));
#685=DIRECTION('',(0.0,0.0,1.0));
#686=DIRECTION('',(1.0,0.0,0.0));
#687=SURFACE_STYLE_FILL_AREA(#1106);
#688=ORIENTED_EDGE('',*,*,#1077,.T.);
#689=ORIENTED_EDGE('',*,*,#1092,.T.);
#690=ORIENTED_EDGE('',*,*,#1083,.T.);
#691=ORIENTED_EDGE('',*,*,#1082,.F.);
#692=ORIENTED_EDGE('',*,*,#1097,.T.);
#693=ORIENTED_EDGE('',*,*,#1080,.F.);
#694=ORIENTED_EDGE('',*,*,#1089,.T.);
#695=ORIENTED_EDGE('',*,*,#1107,.T.);
#696=SURFACE_STYLE_FILL_AREA(#1108);
#697=ORIENTED_EDGE('',*,*,#1087,.F.);
#698=ORIENTED_EDGE('',*,*,#1109,.F.);
#699=CARTESIAN_POINT('',(0.0,6.9495,2.00648582767358));
#700=DIRECTION('',(0.0,-1.83697019872103E-16,1.0));
#701=DIRECTION('',(0.0,-1.0,-1.83697019872103E-16));
#702=SURFACE_STYLE_FILL_AREA(#1110);
#703=ORIENTED_EDGE('',*,*,#1086,.T.);
#704=ORIENTED_EDGE('',*,*,#1078,.F.);
#705=ORIENTED_EDGE('',*,*,#1107,.F.);
#706=ORIENTED_EDGE('',*,*,#1088,.T.);
#707=ORIENTED_EDGE('',*,*,#1109,.T.);
#708=CARTESIAN_POINT('',(0.0,6.36982433477163E-17,1.00324291383679));
#709=DIRECTION('',(0.0,-1.70793629517016E-16,1.0));
#710=DIRECTION('',(0.0,1.0,1.70793629517016E-16));
#711=SURFACE_STYLE_FILL_AREA(#1111);
#712=SURFACE_STYLE_FILL_AREA(#1112);
#713=ORIENTED_EDGE('',*,*,#1113,.F.);
#714=ORIENTED_EDGE('',*,*,#1114,.T.);
#715=ORIENTED_EDGE('',*,*,#1115,.F.);
#716=ORIENTED_EDGE('',*,*,#1116,.T.);
#717=CARTESIAN_POINT('',(0.0,0.0,12.95));
#718=DIRECTION('',(0.0,0.0,1.0));
#719=DIRECTION('',(-1.0,0.0,0.0));
#720=SURFACE_STYLE_FILL_AREA(#1117);
#721=ORIENTED_EDGE('',*,*,#1113,.T.);
#722=ORIENTED_EDGE('',*,*,#1118,.T.);
#723=ORIENTED_EDGE('',*,*,#1115,.T.);
#724=ORIENTED_EDGE('',*,*,#1119,.T.);
#725=CARTESIAN_POINT('',(0.0,0.0,12.95));
#726=DIRECTION('',(0.0,0.0,1.0));
#727=DIRECTION('',(-1.0,0.0,0.0));
#728=SURFACE_STYLE_FILL_AREA(#1120);
#729=ORIENTED_EDGE('',*,*,#1119,.F.);
#730=ORIENTED_EDGE('',*,*,#1114,.F.);
#731=CARTESIAN_POINT('',(0.0,0.0,12.95));
#732=DIRECTION('',(0.0,0.0,-1.0));
#733=DIRECTION('',(0.0,-1.0,0.0));
#734=SURFACE_STYLE_FILL_AREA(#1121);
#735=ORIENTED_EDGE('',*,*,#1116,.F.);
#736=ORIENTED_EDGE('',*,*,#1118,.F.);
#737=CARTESIAN_POINT('',(0.0,0.0,12.8));
#738=DIRECTION('',(0.0,0.0,-1.0));
#739=DIRECTION('',(0.0,-1.0,0.0));
#740=SURFACE_STYLE_FILL_AREA(#1122);
#741=SURFACE_STYLE_FILL_AREA(#1123);
#742=ORIENTED_EDGE('',*,*,#1124,.F.);
#743=ORIENTED_EDGE('',*,*,#1125,.F.);
#744=ORIENTED_EDGE('',*,*,#1126,.F.);
#745=ORIENTED_EDGE('',*,*,#1127,.F.);
#746=ORIENTED_EDGE('',*,*,#1128,.F.);
#747=ORIENTED_EDGE('',*,*,#1129,.F.);
#748=ORIENTED_EDGE('',*,*,#1130,.F.);
#749=CARTESIAN_POINT('',(0.0,0.0,0.0));
#750=DIRECTION('',(-0.0,0.0,-1.0));
#751=DIRECTION('',(-1.0,0.0,0.0));
#752=SURFACE_STYLE_FILL_AREA(#1131);
#753=ORIENTED_EDGE('',*,*,#1132,.F.);
#754=ORIENTED_EDGE('',*,*,#1133,.T.);
#755=ORIENTED_EDGE('',*,*,#1134,.F.);
#756=ORIENTED_EDGE('',*,*,#1135,.T.);
#757=CARTESIAN_POINT('',(0.0,0.0,18.35));
#758=DIRECTION('',(0.0,0.0,-1.0));
#759=DIRECTION('',(-1.0,0.0,0.0));
#760=SURFACE_STYLE_FILL_AREA(#1136);
#761=ORIENTED_EDGE('',*,*,#1137,.F.);
#762=ORIENTED_EDGE('',*,*,#1138,.T.);
#763=ORIENTED_EDGE('',*,*,#1139,.F.);
#764=ORIENTED_EDGE('',*,*,#1140,.F.);
#765=ORIENTED_EDGE('',*,*,#1141,.T.);
#766=ORIENTED_EDGE('',*,*,#1142,.T.);
#767=ORIENTED_EDGE('',*,*,#1143,.F.);
#768=ORIENTED_EDGE('',*,*,#1144,.F.);
#769=ORIENTED_EDGE('',*,*,#1145,.T.);
#770=ORIENTED_EDGE('',*,*,#1146,.T.);
#771=CARTESIAN_POINT('',(0.0,0.0,0.0));
#772=DIRECTION('',(-0.0,0.0,-1.0));
#773=DIRECTION('',(-1.0,0.0,0.0));
#774=SURFACE_STYLE_FILL_AREA(#1147);
#775=ORIENTED_EDGE('',*,*,#1148,.F.);
#776=ORIENTED_EDGE('',*,*,#1149,.F.);
#777=ORIENTED_EDGE('',*,*,#1150,.F.);
#778=ORIENTED_EDGE('',*,*,#1151,.F.);
#779=CARTESIAN_POINT('',(0.0,0.0,19.35));
#780=DIRECTION('',(0.0,0.0,1.0));
#781=DIRECTION('',(-1.0,0.0,0.0));
#782=SURFACE_STYLE_FILL_AREA(#1152);
#783=ORIENTED_EDGE('',*,*,#1153,.F.);
#784=ORIENTED_EDGE('',*,*,#1154,.F.);
#785=ORIENTED_EDGE('',*,*,#1155,.F.);
#786=ORIENTED_EDGE('',*,*,#1156,.T.);
#787=CARTESIAN_POINT('',(0.0,0.0,19.35));
#788=DIRECTION('',(-0.0,0.0,-1.0));
#789=DIRECTION('',(-1.0,0.0,0.0));
#790=SURFACE_STYLE_FILL_AREA(#1157);
#791=ORIENTED_EDGE('',*,*,#1158,.F.);
#792=ORIENTED_EDGE('',*,*,#1159,.F.);
#793=ORIENTED_EDGE('',*,*,#1160,.T.);
#794=ORIENTED_EDGE('',*,*,#1161,.T.);
#795=CARTESIAN_POINT('',(0.0,0.0,19.5));
#796=DIRECTION('',(0.0,0.0,-1.0));
#797=DIRECTION('',(0.918794223689268,0.394736842105263,0.0));
#798=SURFACE_STYLE_FILL_AREA(#1162);
#799=ORIENTED_EDGE('',*,*,#1163,.T.);
#800=ORIENTED_EDGE('',*,*,#1151,.T.);
#801=CARTESIAN_POINT('',(-1.92053015278593,2.47198095326695E-16,19.5));
#802=DIRECTION('',(7.07003237898145E-33,-1.03610698632656E-31,1.0));
#803=DIRECTION('',(0.0,-1.0,-1.03610698632656E-31));
#804=SURFACE_STYLE_FILL_AREA(#1164);
#805=ORIENTED_EDGE('',*,*,#1165,.T.);
#806=ORIENTED_EDGE('',*,*,#1160,.F.);
#807=ORIENTED_EDGE('',*,*,#1166,.F.);
#808=ORIENTED_EDGE('',*,*,#1167,.T.);
#809=CARTESIAN_POINT('',(-9.35,3.75,19.5));
#810=DIRECTION('',(7.14596067629845E-15,1.0,0.0));
#811=DIRECTION('',(1.0,-7.14596067629845E-15,0.0));
#812=SURFACE_STYLE_FILL_AREA(#1168);
#813=ORIENTED_EDGE('',*,*,#1158,.T.);
#814=ORIENTED_EDGE('',*,*,#1169,.T.);
#815=ORIENTED_EDGE('',*,*,#1170,.F.);
#816=ORIENTED_EDGE('',*,*,#1171,.F.);
#817=CARTESIAN_POINT('',(0.0,0.0,19.5));
#818=DIRECTION('',(0.0,0.0,-1.0));
#819=DIRECTION('',(0.918794223689268,0.394736842105263,0.0));
#820=SURFACE_STYLE_FILL_AREA(#1172);
#821=ORIENTED_EDGE('',*,*,#1173,.T.);
#822=ORIENTED_EDGE('',*,*,#1174,.F.);
#823=ORIENTED_EDGE('',*,*,#1175,.F.);
#824=ORIENTED_EDGE('',*,*,#1170,.T.);
#825=CARTESIAN_POINT('',(-8.72854512504805,-3.75,19.5));
#826=DIRECTION('',(4.46622542268663E-15,-1.0,0.0));
#827=DIRECTION('',(0.0,0.0,-1.0));
#828=SURFACE_STYLE_FILL_AREA(#1176);
#829=ORIENTED_EDGE('',*,*,#1177,.T.);
#830=ORIENTED_EDGE('',*,*,#1167,.F.);
#831=ORIENTED_EDGE('',*,*,#1178,.F.);
#832=ORIENTED_EDGE('',*,*,#1174,.T.);
#833=CARTESIAN_POINT('',(-9.35,-2.30845921639276E-15,19.5));
#834=DIRECTION('',(0.0,-0.0,-1.0));
#835=DIRECTION('',(0.0,-1.0,0.0));
#836=SURFACE_STYLE_FILL_AREA(#1179);
#837=ORIENTED_EDGE('',*,*,#1165,.F.);
#838=ORIENTED_EDGE('',*,*,#1177,.F.);
#839=ORIENTED_EDGE('',*,*,#1173,.F.);
#840=ORIENTED_EDGE('',*,*,#1169,.F.);
#841=ORIENTED_EDGE('',*,*,#1161,.F.);
#842=CARTESIAN_POINT('',(-1.92053015278593,2.47198095326695E-16,19.6505));
#843=DIRECTION('',(-1.27260582821666E-31,5.75614992403645E-32,1.0));
#844=DIRECTION('',(1.0,-0.0,1.27260582821666E-31));
#845=SURFACE_STYLE_FILL_AREA(#1180);
#846=ORIENTED_EDGE('',*,*,#1181,.T.);
#847=ORIENTED_EDGE('',*,*,#1182,.F.);
#848=ORIENTED_EDGE('',*,*,#1183,.F.);
#849=ORIENTED_EDGE('',*,*,#1184,.T.);
#850=CARTESIAN_POINT('',(0.0,0.0,0.0));
#851=DIRECTION('',(0.0,0.0,1.0));
#852=DIRECTION('',(-0.532806319538622,0.846237216068702,0.0));
#853=SURFACE_STYLE_FILL_AREA(#1185);
#854=ORIENTED_EDGE('',*,*,#1186,.T.);
#855=ORIENTED_EDGE('',*,*,#1141,.F.);
#856=ORIENTED_EDGE('',*,*,#1187,.F.);
#857=ORIENTED_EDGE('',*,*,#1188,.F.);
#858=ORIENTED_EDGE('',*,*,#1182,.T.);
#859=CARTESIAN_POINT('',(7.99796460717606,-12.7028810567666,0.0));
#860=DIRECTION('',(0.866025403784439,0.5,0.0));
#861=DIRECTION('',(0.0,0.0,-1.0));
#862=SURFACE_STYLE_FILL_AREA(#1189);
#863=ORIENTED_EDGE('',*,*,#1190,.T.);
#864=ORIENTED_EDGE('',*,*,#1184,.F.);
#865=ORIENTED_EDGE('',*,*,#1191,.F.);
#866=ORIENTED_EDGE('',*,*,#1192,.F.);
#867=ORIENTED_EDGE('',*,*,#1143,.T.);
#868=CARTESIAN_POINT('',(6.44608635389848,-12.3149490749286,0.0));
#869=DIRECTION('',(-0.866025403784439,-0.5,0.0));
#870=DIRECTION('',(-0.5,0.866025403784439,0.0));
#871=SURFACE_STYLE_FILL_AREA(#1193);
#872=ORIENTED_EDGE('',*,*,#1181,.F.);
#873=ORIENTED_EDGE('',*,*,#1190,.F.);
#874=ORIENTED_EDGE('',*,*,#1142,.F.);
#875=ORIENTED_EDGE('',*,*,#1186,.F.);
#876=CARTESIAN_POINT('',(7.22377035354163,-12.5119372745439,-1.0));
#877=DIRECTION('',(0.0,0.0,1.0));
#878=DIRECTION('',(1.0,0.0,0.0));
#879=SURFACE_STYLE_FILL_AREA(#1194);
#880=ORIENTED_EDGE('',*,*,#1127,.T.);
#881=ORIENTED_EDGE('',*,*,#1191,.T.);
#882=ORIENTED_EDGE('',*,*,#1183,.T.);
#883=ORIENTED_EDGE('',*,*,#1188,.T.);
#884=CARTESIAN_POINT('',(7.22377035354163,-12.5119372745439,0.0));
#885=DIRECTION('',(0.0,0.0,1.0));
#886=DIRECTION('',(1.0,0.0,0.0));
#887=SURFACE_STYLE_FILL_AREA(#1195);
#888=ORIENTED_EDGE('',*,*,#1196,.T.);
#889=ORIENTED_EDGE('',*,*,#1197,.F.);
#890=ORIENTED_EDGE('',*,*,#1198,.F.);
#891=ORIENTED_EDGE('',*,*,#1199,.T.);
#892=CARTESIAN_POINT('',(0.0,0.0,0.0));
#893=DIRECTION('',(-0.0,0.0,1.0));
#894=DIRECTION('',(0.999266086512628,0.0383051999829841,0.0));
#895=SURFACE_STYLE_FILL_AREA(#1200);
#896=ORIENTED_EDGE('',*,*,#1201,.T.);
#897=ORIENTED_EDGE('',*,*,#1145,.F.);
#898=ORIENTED_EDGE('',*,*,#1202,.F.);
#899=ORIENTED_EDGE('',*,*,#1203,.F.);
#900=ORIENTED_EDGE('',*,*,#1197,.T.);
#901=CARTESIAN_POINT('',(-15.0,-0.575,0.0));
#902=DIRECTION('',(0.0,-1.0,0.0));
#903=DIRECTION('',(0.0,0.0,-1.0));
#904=SURFACE_STYLE_FILL_AREA(#1204);
#905=ORIENTED_EDGE('',*,*,#1205,.T.);
#906=ORIENTED_EDGE('',*,*,#1199,.F.);
#907=ORIENTED_EDGE('',*,*,#1206,.F.);
#908=ORIENTED_EDGE('',*,*,#1207,.F.);
#909=ORIENTED_EDGE('',*,*,#1208,.T.);
#910=CARTESIAN_POINT('',(-13.888101922149,0.575,0.0));
#911=DIRECTION('',(-0.0,1.0,0.0));
#912=DIRECTION('',(1.0,0.0,0.0));
#913=SURFACE_STYLE_FILL_AREA(#1209);
#914=ORIENTED_EDGE('',*,*,#1196,.F.);
#915=ORIENTED_EDGE('',*,*,#1205,.F.);
#916=ORIENTED_EDGE('',*,*,#1210,.F.);
#917=ORIENTED_EDGE('',*,*,#1146,.F.);
#918=ORIENTED_EDGE('',*,*,#1201,.F.);
#919=CARTESIAN_POINT('',(-14.4475407070833,-1.41131119420159E-16,-1.0));
#920=DIRECTION('',(0.0,0.0,1.0));
#921=DIRECTION('',(1.0,0.0,0.0));
#922=SURFACE_STYLE_FILL_AREA(#1211);
#923=ORIENTED_EDGE('',*,*,#1125,.T.);
#924=ORIENTED_EDGE('',*,*,#1212,.T.);
#925=ORIENTED_EDGE('',*,*,#1206,.T.);
#926=ORIENTED_EDGE('',*,*,#1198,.T.);
#927=ORIENTED_EDGE('',*,*,#1203,.T.);
#928=CARTESIAN_POINT('',(-14.4475407070833,-1.41985534077688E-16,0.0));
#929=DIRECTION('',(0.0,0.0,1.0));
#930=DIRECTION('',(1.0,0.0,0.0));
#931=SURFACE_STYLE_FILL_AREA(#1213);
#932=ORIENTED_EDGE('',*,*,#1214,.T.);
#933=ORIENTED_EDGE('',*,*,#1215,.F.);
#934=ORIENTED_EDGE('',*,*,#1216,.F.);
#935=ORIENTED_EDGE('',*,*,#1217,.T.);
#936=CARTESIAN_POINT('',(0.0,0.0,0.0));
#937=DIRECTION('',(0.0,0.0,1.0));
#938=DIRECTION('',(-0.466459766974006,-0.884542416051687,0.0));
#939=SURFACE_STYLE_FILL_AREA(#1218);
#940=ORIENTED_EDGE('',*,*,#1219,.T.);
#941=ORIENTED_EDGE('',*,*,#1220,.F.);
#942=ORIENTED_EDGE('',*,*,#1221,.F.);
#943=ORIENTED_EDGE('',*,*,#1222,.F.);
#944=ORIENTED_EDGE('',*,*,#1215,.T.);
#945=CARTESIAN_POINT('',(7.00203539282394,13.2778810567666,0.0));
#946=DIRECTION('',(-0.866025403784439,0.5,0.0));
#947=DIRECTION('',(0.0,0.0,1.0));
#948=SURFACE_STYLE_FILL_AREA(#1223);
#949=ORIENTED_EDGE('',*,*,#1224,.T.);
#950=ORIENTED_EDGE('',*,*,#1217,.F.);
#951=ORIENTED_EDGE('',*,*,#1225,.F.);
#952=ORIENTED_EDGE('',*,*,#1226,.F.);
#953=ORIENTED_EDGE('',*,*,#1227,.T.);
#954=CARTESIAN_POINT('',(7.44201556825057,11.7399490749286,0.0));
#955=DIRECTION('',(0.866025403784439,-0.5,0.0));
#956=DIRECTION('',(0.0,0.0,-1.0));
#957=SURFACE_STYLE_FILL_AREA(#1228);
#958=ORIENTED_EDGE('',*,*,#1214,.F.);
#959=ORIENTED_EDGE('',*,*,#1224,.F.);
#960=ORIENTED_EDGE('',*,*,#1229,.F.);
#961=ORIENTED_EDGE('',*,*,#1219,.F.);
#962=CARTESIAN_POINT('',(7.22377035354162,12.5119372745439,-1.0));
#963=DIRECTION('',(0.0,0.0,1.0));
#964=DIRECTION('',(1.0,0.0,0.0));
#965=SURFACE_STYLE_FILL_AREA(#1230);
#966=ORIENTED_EDGE('',*,*,#1231,.T.);
#967=ORIENTED_EDGE('',*,*,#1225,.T.);
#968=ORIENTED_EDGE('',*,*,#1216,.T.);
#969=ORIENTED_EDGE('',*,*,#1222,.T.);
#970=CARTESIAN_POINT('',(7.22377035354162,12.5119372745439,0.0));
#971=DIRECTION('',(0.0,0.0,1.0));
#972=DIRECTION('',(1.0,0.0,0.0));
#973=SURFACE_STYLE_FILL_AREA(#1232);
#974=ORIENTED_EDGE('',*,*,#1207,.T.);
#975=ORIENTED_EDGE('',*,*,#1233,.T.);
#976=ORIENTED_EDGE('',*,*,#1221,.T.);
#977=ORIENTED_EDGE('',*,*,#1234,.T.);
#978=CARTESIAN_POINT('',(0.0,0.0,0.0));
#979=DIRECTION('',(0.0,0.0,-1.0));
#980=DIRECTION('',(0.0,-1.0,0.0));
#981=SURFACE_STYLE_FILL_AREA(#1235);
#982=ORIENTED_EDGE('',*,*,#1187,.T.);
#983=ORIENTED_EDGE('',*,*,#1140,.T.);
#984=ORIENTED_EDGE('',*,*,#1236,.T.);
#985=ORIENTED_EDGE('',*,*,#1226,.T.);
#986=ORIENTED_EDGE('',*,*,#1237,.T.);
#987=ORIENTED_EDGE('',*,*,#1128,.T.);
#988=CARTESIAN_POINT('',(0.0,0.0,0.0));
#989=DIRECTION('',(0.0,0.0,-1.0));
#990=DIRECTION('',(0.0,-1.0,0.0));
#991=SURFACE_STYLE_FILL_AREA(#1238);
#992=ORIENTED_EDGE('',*,*,#1192,.T.);
#993=ORIENTED_EDGE('',*,*,#1126,.T.);
#994=ORIENTED_EDGE('',*,*,#1202,.T.);
#995=ORIENTED_EDGE('',*,*,#1144,.T.);
#996=CARTESIAN_POINT('',(0.0,0.0,0.0));
#997=DIRECTION('',(0.0,0.0,-1.0));
#998=DIRECTION('',(0.0,-1.0,0.0));
#999=SURFACE_STYLE_FILL_AREA(#1239);
#1000=ORIENTED_EDGE('',*,*,#1153,.T.);
#1001=ORIENTED_EDGE('',*,*,#1240,.T.);
#1002=ORIENTED_EDGE('',*,*,#1155,.T.);
#1003=ORIENTED_EDGE('',*,*,#1241,.F.);
#1004=CARTESIAN_POINT('',(0.0,0.0,19.35));
#1005=DIRECTION('',(-0.0,0.0,-1.0));
#1006=DIRECTION('',(-1.0,0.0,0.0));
#1007=SURFACE_STYLE_FILL_AREA(#1242);
#1008=ORIENTED_EDGE('',*,*,#1156,.F.);
#1009=ORIENTED_EDGE('',*,*,#1240,.F.);
#1010=ORIENTED_EDGE('',*,*,#1166,.T.);
#1011=ORIENTED_EDGE('',*,*,#1159,.T.);
#1012=ORIENTED_EDGE('',*,*,#1171,.T.);
#1013=ORIENTED_EDGE('',*,*,#1175,.T.);
#1014=ORIENTED_EDGE('',*,*,#1178,.T.);
#1015=CARTESIAN_POINT('',(0.0,0.0,19.5));
#1016=DIRECTION('',(0.0,0.0,-1.0));
#1017=DIRECTION('',(0.0,-1.0,0.0));
#1018=SURFACE_STYLE_FILL_AREA(#1243);
#1019=ORIENTED_EDGE('',*,*,#1148,.T.);
#1020=ORIENTED_EDGE('',*,*,#1163,.F.);
#1021=ORIENTED_EDGE('',*,*,#1150,.T.);
#1022=ORIENTED_EDGE('',*,*,#1244,.F.);
#1023=CARTESIAN_POINT('',(0.0,0.0,19.35));
#1024=DIRECTION('',(0.0,0.0,1.0));
#1025=DIRECTION('',(-1.0,0.0,0.0));
#1026=SURFACE_STYLE_FILL_AREA(#1245);
#1027=ORIENTED_EDGE('',*,*,#1137,.T.);
#1028=ORIENTED_EDGE('',*,*,#1210,.T.);
#1029=ORIENTED_EDGE('',*,*,#1208,.F.);
#1030=ORIENTED_EDGE('',*,*,#1234,.F.);
#1031=ORIENTED_EDGE('',*,*,#1220,.T.);
#1032=ORIENTED_EDGE('',*,*,#1229,.T.);
#1033=ORIENTED_EDGE('',*,*,#1227,.F.);
#1034=ORIENTED_EDGE('',*,*,#1236,.F.);
#1035=ORIENTED_EDGE('',*,*,#1139,.T.);
#1036=ORIENTED_EDGE('',*,*,#1246,.T.);
#1037=CARTESIAN_POINT('',(0.0,0.0,0.0));
#1038=DIRECTION('',(-0.0,0.0,-1.0));
#1039=DIRECTION('',(-1.0,0.0,0.0));
#1040=SURFACE_STYLE_FILL_AREA(#1247);
#1041=ORIENTED_EDGE('',*,*,#1246,.F.);
#1042=ORIENTED_EDGE('',*,*,#1138,.F.);
#1043=ORIENTED_EDGE('',*,*,#1149,.T.);
#1044=ORIENTED_EDGE('',*,*,#1244,.T.);
#1045=CARTESIAN_POINT('',(0.0,0.0,18.25));
#1046=DIRECTION('',(0.0,0.0,-1.0));
#1047=DIRECTION('',(0.0,-1.0,0.0));
#1048=SURFACE_STYLE_FILL_AREA(#1248);
#1049=ORIENTED_EDGE('',*,*,#1132,.T.);
#1050=ORIENTED_EDGE('',*,*,#1130,.T.);
#1051=ORIENTED_EDGE('',*,*,#1134,.T.);
#1052=ORIENTED_EDGE('',*,*,#1249,.T.);
#1053=CARTESIAN_POINT('',(0.0,0.0,18.35));
#1054=DIRECTION('',(0.0,0.0,-1.0));
#1055=DIRECTION('',(-1.0,0.0,0.0));
#1056=SURFACE_STYLE_FILL_AREA(#1250);
#1057=ORIENTED_EDGE('',*,*,#1124,.T.);
#1058=ORIENTED_EDGE('',*,*,#1135,.F.);
#1059=ORIENTED_EDGE('',*,*,#1129,.T.);
#1060=ORIENTED_EDGE('',*,*,#1237,.F.);
#1061=ORIENTED_EDGE('',*,*,#1231,.F.);
#1062=ORIENTED_EDGE('',*,*,#1233,.F.);
#1063=ORIENTED_EDGE('',*,*,#1212,.F.);
#1064=CARTESIAN_POINT('',(0.0,0.0,0.0));
#1065=DIRECTION('',(-0.0,0.0,-1.0));
#1066=DIRECTION('',(-1.0,0.0,0.0));
#1067=SURFACE_STYLE_FILL_AREA(#1251);
#1068=ORIENTED_EDGE('',*,*,#1249,.F.);
#1069=ORIENTED_EDGE('',*,*,#1133,.F.);
#1070=ORIENTED_EDGE('',*,*,#1154,.T.);
#1071=ORIENTED_EDGE('',*,*,#1241,.T.);
#1072=CARTESIAN_POINT('',(0.0,0.0,19.35));
#1073=DIRECTION('',(0.0,0.0,-1.0));
#1074=DIRECTION('',(0.0,-1.0,0.0));
#1075=SURFACE_STYLE_FILL_AREA(#1252);
#1076=FILL_AREA_STYLE('',(#1253));
#1077=EDGE_CURVE('',#1254,#1255,#1256,.T.);
#1078=EDGE_CURVE('',#1254,#1257,#1258,.T.);
#1079=EDGE_CURVE('',#1257,#1259,#1260,.T.);
#1080=EDGE_CURVE('',#1259,#1261,#1262,.T.);
#1081=EDGE_CURVE('',#1261,#1263,#1264,.T.);
#1082=EDGE_CURVE('',#1263,#1265,#1266,.T.);
#1083=EDGE_CURVE('',#1267,#1265,#1268,.T.);
#1084=EDGE_CURVE('',#1267,#1255,#1269,.T.);
#1085=FILL_AREA_STYLE('',(#1270));
#1086=EDGE_CURVE('',#1271,#1257,#1272,.T.);
#1087=EDGE_CURVE('',#1271,#1273,#1274,.T.);
#1088=EDGE_CURVE('',#1275,#1273,#1276,.T.);
#1089=EDGE_CURVE('',#1259,#1275,#1277,.T.);
#1090=FILL_AREA_STYLE('',(#1278));
#1091=EDGE_CURVE('',#1267,#1279,#1280,.T.);
#1092=EDGE_CURVE('',#1255,#1267,#1281,.T.);
#1093=EDGE_CURVE('',#1282,#1255,#1283,.T.);
#1094=EDGE_CURVE('',#1282,#1279,#1284,.T.);
#1095=FILL_AREA_STYLE('',(#1285));
#1096=EDGE_CURVE('',#1261,#1286,#1287,.T.);
#1097=EDGE_CURVE('',#1263,#1261,#1288,.T.);
#1098=EDGE_CURVE('',#1289,#1263,#1290,.T.);
#1099=EDGE_CURVE('',#1289,#1286,#1291,.T.);
#1100=FILL_AREA_STYLE('',(#1292));
#1101=EDGE_CURVE('',#1286,#1289,#1293,.T.);
#1102=FILL_AREA_STYLE('',(#1294));
#1103=FILL_AREA_STYLE('',(#1295));
#1104=EDGE_CURVE('',#1279,#1282,#1296,.T.);
#1105=FILL_AREA_STYLE('',(#1297));
#1106=FILL_AREA_STYLE('',(#1298));
#1107=EDGE_CURVE('',#1275,#1254,#1299,.T.);
#1108=FILL_AREA_STYLE('',(#1300));
#1109=EDGE_CURVE('',#1273,#1271,#1301,.T.);
#1110=FILL_AREA_STYLE('',(#1302));
#1111=FILL_AREA_STYLE('',(#1303));
#1112=FILL_AREA_STYLE('',(#1304));
#1113=EDGE_CURVE('',#1305,#1306,#1307,.T.);
#1114=EDGE_CURVE('',#1305,#1308,#1309,.T.);
#1115=EDGE_CURVE('',#1310,#1308,#1311,.T.);
#1116=EDGE_CURVE('',#1310,#1306,#1312,.T.);
#1117=FILL_AREA_STYLE('',(#1313));
#1118=EDGE_CURVE('',#1306,#1310,#1314,.T.);
#1119=EDGE_CURVE('',#1308,#1305,#1315,.T.);
#1120=FILL_AREA_STYLE('',(#1316));
#1121=FILL_AREA_STYLE('',(#1317));
#1122=FILL_AREA_STYLE('',(#1318));
#1123=FILL_AREA_STYLE('',(#1319));
#1124=EDGE_CURVE('',#1320,#1321,#1322,.T.);
#1125=EDGE_CURVE('',#1323,#1320,#1324,.T.);
#1126=EDGE_CURVE('',#1325,#1323,#1326,.T.);
#1127=EDGE_CURVE('',#1327,#1325,#1328,.T.);
#1128=EDGE_CURVE('',#1329,#1327,#1330,.T.);
#1129=EDGE_CURVE('',#1331,#1329,#1332,.T.);
#1130=EDGE_CURVE('',#1321,#1331,#1333,.T.);
#1131=FILL_AREA_STYLE('',(#1334));
#1132=EDGE_CURVE('',#1335,#1321,#1336,.T.);
#1133=EDGE_CURVE('',#1335,#1337,#1338,.T.);
#1134=EDGE_CURVE('',#1331,#1337,#1339,.T.);
#1135=EDGE_CURVE('',#1331,#1321,#1340,.T.);
#1136=FILL_AREA_STYLE('',(#1341));
#1137=EDGE_CURVE('',#1342,#1343,#1344,.T.);
#1138=EDGE_CURVE('',#1342,#1345,#1346,.T.);
#1139=EDGE_CURVE('',#1347,#1345,#1348,.T.);
#1140=EDGE_CURVE('',#1349,#1347,#1350,.T.);
#1141=EDGE_CURVE('',#1349,#1351,#1352,.T.);
#1142=EDGE_CURVE('',#1351,#1353,#1354,.T.);
#1143=EDGE_CURVE('',#1355,#1353,#1356,.T.);
#1144=EDGE_CURVE('',#1357,#1355,#1358,.T.);
#1145=EDGE_CURVE('',#1357,#1359,#1360,.T.);
#1146=EDGE_CURVE('',#1359,#1343,#1361,.T.);
#1147=FILL_AREA_STYLE('',(#1362));
#1148=EDGE_CURVE('',#1363,#1364,#1365,.T.);
#1149=EDGE_CURVE('',#1366,#1363,#1367,.T.);
#1150=EDGE_CURVE('',#1368,#1366,#1369,.T.);
#1151=EDGE_CURVE('',#1364,#1368,#1370,.T.);
#1152=FILL_AREA_STYLE('',(#1371));
#1153=EDGE_CURVE('',#1372,#1373,#1374,.T.);
#1154=EDGE_CURVE('',#1375,#1372,#1376,.T.);
#1155=EDGE_CURVE('',#1377,#1375,#1378,.T.);
#1156=EDGE_CURVE('',#1377,#1373,#1379,.T.);
#1157=FILL_AREA_STYLE('',(#1380));
#1158=EDGE_CURVE('',#1381,#1382,#1383,.T.);
#1159=EDGE_CURVE('',#1384,#1381,#1385,.T.);
#1160=EDGE_CURVE('',#1384,#1386,#1387,.T.);
#1161=EDGE_CURVE('',#1386,#1382,#1388,.T.);
#1162=FILL_AREA_STYLE('',(#1389));
#1163=EDGE_CURVE('',#1368,#1364,#1390,.T.);
#1164=FILL_AREA_STYLE('',(#1391));
#1165=EDGE_CURVE('',#1392,#1386,#1393,.T.);
#1166=EDGE_CURVE('',#1394,#1384,#1395,.T.);
#1167=EDGE_CURVE('',#1394,#1392,#1396,.T.);
#1168=FILL_AREA_STYLE('',(#1397));
#1169=EDGE_CURVE('',#1382,#1398,#1399,.T.);
#1170=EDGE_CURVE('',#1400,#1398,#1401,.T.);
#1171=EDGE_CURVE('',#1381,#1400,#1402,.T.);
#1172=FILL_AREA_STYLE('',(#1403));
#1173=EDGE_CURVE('',#1398,#1404,#1405,.T.);
#1174=EDGE_CURVE('',#1406,#1404,#1407,.T.);
#1175=EDGE_CURVE('',#1400,#1406,#1408,.T.);
#1176=FILL_AREA_STYLE('',(#1409));
#1177=EDGE_CURVE('',#1404,#1392,#1410,.T.);
#1178=EDGE_CURVE('',#1406,#1394,#1411,.T.);
#1179=FILL_AREA_STYLE('',(#1412));
#1180=FILL_AREA_STYLE('',(#1413));
#1181=EDGE_CURVE('',#1414,#1415,#1416,.T.);
#1182=EDGE_CURVE('',#1417,#1415,#1418,.T.);
#1183=EDGE_CURVE('',#1419,#1417,#1420,.T.);
#1184=EDGE_CURVE('',#1419,#1414,#1421,.T.);
#1185=FILL_AREA_STYLE('',(#1422));
#1186=EDGE_CURVE('',#1415,#1351,#1423,.T.);
#1187=EDGE_CURVE('',#1327,#1349,#1424,.T.);
#1188=EDGE_CURVE('',#1417,#1327,#1425,.T.);
#1189=FILL_AREA_STYLE('',(#1426));
#1190=EDGE_CURVE('',#1353,#1414,#1427,.T.);
#1191=EDGE_CURVE('',#1325,#1419,#1428,.T.);
#1192=EDGE_CURVE('',#1355,#1325,#1429,.T.);
#1193=FILL_AREA_STYLE('',(#1430));
#1194=FILL_AREA_STYLE('',(#1431));
#1195=FILL_AREA_STYLE('',(#1432));
#1196=EDGE_CURVE('',#1433,#1434,#1435,.T.);
#1197=EDGE_CURVE('',#1436,#1434,#1437,.T.);
#1198=EDGE_CURVE('',#1438,#1436,#1439,.T.);
#1199=EDGE_CURVE('',#1438,#1433,#1440,.T.);
#1200=FILL_AREA_STYLE('',(#1441));
#1201=EDGE_CURVE('',#1434,#1359,#1442,.T.);
#1202=EDGE_CURVE('',#1323,#1357,#1443,.T.);
#1203=EDGE_CURVE('',#1436,#1323,#1444,.T.);
#1204=FILL_AREA_STYLE('',(#1445));
#1205=EDGE_CURVE('',#1446,#1433,#1447,.T.);
#1206=EDGE_CURVE('',#1448,#1438,#1449,.T.);
#1207=EDGE_CURVE('',#1450,#1448,#1451,.T.);
#1208=EDGE_CURVE('',#1450,#1446,#1452,.T.);
#1209=FILL_AREA_STYLE('',(#1453));
#1210=EDGE_CURVE('',#1343,#1446,#1454,.T.);
#1211=FILL_AREA_STYLE('',(#1455));
#1212=EDGE_CURVE('',#1320,#1448,#1456,.T.);
#1213=FILL_AREA_STYLE('',(#1457));
#1214=EDGE_CURVE('',#1458,#1459,#1460,.T.);
#1215=EDGE_CURVE('',#1461,#1459,#1462,.T.);
#1216=EDGE_CURVE('',#1463,#1461,#1464,.T.);
#1217=EDGE_CURVE('',#1463,#1458,#1465,.T.);
#1218=FILL_AREA_STYLE('',(#1466));
#1219=EDGE_CURVE('',#1459,#1467,#1468,.T.);
#1220=EDGE_CURVE('',#1469,#1467,#1470,.T.);
#1221=EDGE_CURVE('',#1471,#1469,#1472,.T.);
#1222=EDGE_CURVE('',#1461,#1471,#1473,.T.);
#1223=FILL_AREA_STYLE('',(#1474));
#1224=EDGE_CURVE('',#1475,#1458,#1476,.T.);
#1225=EDGE_CURVE('',#1477,#1463,#1478,.T.);
#1226=EDGE_CURVE('',#1479,#1477,#1480,.T.);
#1227=EDGE_CURVE('',#1479,#1475,#1481,.T.);
#1228=FILL_AREA_STYLE('',(#1482));
#1229=EDGE_CURVE('',#1467,#1475,#1483,.T.);
#1230=FILL_AREA_STYLE('',(#1484));
#1231=EDGE_CURVE('',#1471,#1477,#1485,.T.);
#1232=FILL_AREA_STYLE('',(#1486));
#1233=EDGE_CURVE('',#1448,#1471,#1487,.T.);
#1234=EDGE_CURVE('',#1469,#1450,#1488,.T.);
#1235=FILL_AREA_STYLE('',(#1489));
#1236=EDGE_CURVE('',#1347,#1479,#1490,.T.);
#1237=EDGE_CURVE('',#1477,#1329,#1491,.T.);
#1238=FILL_AREA_STYLE('',(#1492));
#1239=FILL_AREA_STYLE('',(#1493));
#1240=EDGE_CURVE('',#1373,#1377,#1494,.T.);
#1241=EDGE_CURVE('',#1372,#1375,#1495,.T.);
#1242=FILL_AREA_STYLE('',(#1496));
#1243=FILL_AREA_STYLE('',(#1497));
#1244=EDGE_CURVE('',#1363,#1366,#1498,.T.);
#1245=FILL_AREA_STYLE('',(#1499));
#1246=EDGE_CURVE('',#1345,#1342,#1500,.T.);
#1247=FILL_AREA_STYLE('',(#1501));
#1248=FILL_AREA_STYLE('',(#1502));
#1249=EDGE_CURVE('',#1337,#1335,#1503,.T.);
#1250=FILL_AREA_STYLE('',(#1504));
#1251=FILL_AREA_STYLE('',(#1505));
#1252=FILL_AREA_STYLE('',(#1506));
#1253=FILL_AREA_STYLE_COLOUR('',#1507);
#1254=VERTEX_POINT('',#1508);
#1255=VERTEX_POINT('',#1509);
#1256=(B_SPLINE_CURVE(2,(#1511,#1512,#1513),.UNSPECIFIED.,.F.,.F.)B_SPLINE_CURVE_WITH_KNOTS((3,3),(1.36464887305596,1.58329265091051),.UNSPECIFIED.)RATIONAL_B_SPLINE_CURVE((1.0,0.994030311304629,1.0))BOUNDED_CURVE()REPRESENTATION_ITEM('')GEOMETRIC_REPRESENTATION_ITEM()CURVE());
#1257=VERTEX_POINT('',#1520);
#1258=CIRCLE('',#1521,13.899);
#1259=VERTEX_POINT('',#1522);
#1260=CIRCLE('',#1523,13.899);
#1261=VERTEX_POINT('',#1524);
#1262=(B_SPLINE_CURVE(2,(#1526,#1527,#1528),.UNSPECIFIED.,.F.,.F.)B_SPLINE_CURVE_WITH_KNOTS((3,3),(1.36464887305596,1.45963169244181),.UNSPECIFIED.)RATIONAL_B_SPLINE_CURVE((1.0,0.997406659047396,0.997066506708017))BOUNDED_CURVE()REPRESENTATION_ITEM('')GEOMETRIC_REPRESENTATION_ITEM()CURVE());
#1263=VERTEX_POINT('',#1535);
#1264=B_SPLINE_CURVE_WITH_KNOTS('',3,(#1536,#1537,#1538,#1539,#1540,#1541,#1542,#1543,#1544,#1545,#1546,#1547,#1548,#1549,#1550,#1551,#1552,#1553,#1554,#1555,#1556,#1557,#1558,#1559,#1560,#1561,#1562,#1563,#1564,#1565,#1566,#1567),.UNSPECIFIED.,.F.,.F.,(4,2,2,2,2,2,2,2,2,2,2,2,2,2,2,4),(-0.126292625494174,-0.125234774358517,-0.110349206475574,-0.0963532041756957,-0.0834992909389205,-0.0699681715845449,-0.0644942903697213,-0.0625265250718711,-0.0613455366572657,-0.0602937442864175,-0.0589728290146676,-0.0563636636069364,-0.0433617779560556,-0.0312194893979599,-0.0158054410957246,0.0),.UNSPECIFIED.);
#1265=VERTEX_POINT('',#1568);
#1266=(B_SPLINE_CURVE(2,(#1570,#1571,#1572),.UNSPECIFIED.,.F.,.F.)B_SPLINE_CURVE_WITH_KNOTS((3,3),(1.47218942652577,1.58329265091051),.UNSPECIFIED.)RATIONAL_B_SPLINE_CURVE((0.997015948151564,0.996966519380808,1.0))BOUNDED_CURVE()REPRESENTATION_ITEM('')GEOMETRIC_REPRESENTATION_ITEM()CURVE());
#1267=VERTEX_POINT('',#1579);
#1268=(B_SPLINE_CURVE(2,(#1581,#1582,#1583),.UNSPECIFIED.,.F.,.F.)B_SPLINE_CURVE_WITH_KNOTS((3,3),(1.36464887305596,1.58329265091051),.UNSPECIFIED.)RATIONAL_B_SPLINE_CURVE((1.0,0.994030311304629,1.0))BOUNDED_CURVE()REPRESENTATION_ITEM('')GEOMETRIC_REPRESENTATION_ITEM()CURVE());
#1269=B_SPLINE_CURVE_WITH_KNOTS('',3,(#1590,#1591,#1592,#1593,#1594,#1595,#1596,#1597,#1598,#1599,#1600,#1601,#1602,#1603,#1604,#1605,#1606,#1607,#1608,#1609,#1610,#1611,#1612,#1613,#1614,#1615,#1616,#1617,#1618,#1619),.UNSPECIFIED.,.F.,.F.,(4,2,2,2,2,2,2,2,2,2,2,2,2,2,4),(-0.252600084354955,-0.23908099910128,-0.225350705176903,-0.212866476663205,-0.20031991193523,-0.194958459743092,-0.193086401252364,-0.191927044648088,-0.190870813501027,-0.189511548254528,-0.186714815641755,-0.171105136454581,-0.156753977774359,-0.141058401415781,-0.126292625494847),.UNSPECIFIED.);
#1270=FILL_AREA_STYLE_COLOUR('',#1620);
#1271=VERTEX_POINT('',#1621);
#1272=LINE('',#1622,#1623);
#1273=VERTEX_POINT('',#1624);
#1274=CIRCLE('',#1625,13.899);
#1275=VERTEX_POINT('',#1626);
#1276=LINE('',#1627,#1628);
#1277=CIRCLE('',#1629,13.899);
#1278=FILL_AREA_STYLE_COLOUR('',#1630);
#1279=VERTEX_POINT('',#1631);
#1280=LINE('',#1632,#1633);
#1281=B_SPLINE_CURVE_WITH_KNOTS('',3,(#1634,#1635,#1636,#1637,#1638,#1639,#1640,#1641,#1642,#1643,#1644,#1645,#1646,#1647,#1648,#1649,#1650,#1651,#1652,#1653,#1654,#1655,#1656,#1657,#1658,#1659,#1660,#1661,#1662,#1663,#1664,#1665),.UNSPECIFIED.,.F.,.F.,(4,2,2,2,2,2,2,2,2,2,2,2,2,2,2,4),(-0.126292625494847,-0.125234774359179,-0.110349206476083,-0.0963532041760524,-0.0834992909391327,-0.0699681715845962,-0.0644942903697071,-0.0625265250718396,-0.0613455366572071,-0.0602937442863513,-0.0589728290146157,-0.0563636636069014,-0.0433617779560355,-0.0312194893979437,-0.0158054410957181,0.0),.UNSPECIFIED.);
#1282=VERTEX_POINT('',#1666);
#1283=LINE('',#1667,#1668);
#1284=CIRCLE('',#1669,0.4);
#1285=FILL_AREA_STYLE_COLOUR('',#1670);
#1286=VERTEX_POINT('',#1671);
#1287=LINE('',#1672,#1673);
#1288=B_SPLINE_CURVE_WITH_KNOTS('',3,(#1674,#1675,#1676,#1677,#1678,#1679,#1680,#1681,#1682,#1683,#1684,#1685,#1686,#1687,#1688,#1689,#1690,#1691,#1692,#1693,#1694,#1695,#1696,#1697,#1698,#1699,#1700,#1701,#1702,#1703),.UNSPECIFIED.,.F.,.F.,(4,2,2,2,2,2,2,2,2,2,2,2,2,2,4),(-0.252600084353665,-0.239080999099977,-0.225350705175579,-0.212866476661876,-0.200319911933912,-0.194958459741784,-0.19308640125106,-0.191927044646807,-0.190870813499783,-0.189511548253284,-0.186714815640541,-0.171105136453501,-0.156753977773401,-0.141058401414964,-0.126292625494174),.UNSPECIFIED.);
#1289=VERTEX_POINT('',#1704);
#1290=LINE('',#1705,#1706);
#1291=CIRCLE('',#1707,0.4);
#1292=FILL_AREA_STYLE_COLOUR('',#1708);
#1293=CIRCLE('',#1709,0.4);
#1294=FILL_AREA_STYLE_COLOUR('',#1710);
#1295=FILL_AREA_STYLE_COLOUR('',#1711);
#1296=CIRCLE('',#1712,0.4);
#1297=FILL_AREA_STYLE_COLOUR('',#1713);
#1298=FILL_AREA_STYLE_COLOUR('',#1714);
#1299=CIRCLE('',#1715,13.899);
#1300=FILL_AREA_STYLE_COLOUR('',#1716);
#1301=CIRCLE('',#1717,13.899);
#1302=FILL_AREA_STYLE_COLOUR('',#1718);
#1303=FILL_AREA_STYLE_COLOUR('',#1719);
#1304=FILL_AREA_STYLE_COLOUR('',#1720);
#1305=VERTEX_POINT('',#1721);
#1306=VERTEX_POINT('',#1722);
#1307=LINE('',#1723,#1724);
#1308=VERTEX_POINT('',#1725);
#1309=CIRCLE('',#1726,13.895);
#1310=VERTEX_POINT('',#1727);
#1311=LINE('',#1728,#1729);
#1312=CIRCLE('',#1730,13.895);
#1313=FILL_AREA_STYLE_COLOUR('',#1731);
#1314=CIRCLE('',#1732,13.895);
#1315=CIRCLE('',#1733,13.895);
#1316=FILL_AREA_STYLE_COLOUR('',#1734);
#1317=FILL_AREA_STYLE_COLOUR('',#1735);
#1318=FILL_AREA_STYLE_COLOUR('',#1736);
#1319=FILL_AREA_STYLE_COLOUR('',#1737);
#1320=VERTEX_POINT('',#1738);
#1321=VERTEX_POINT('',#1739);
#1322=LINE('',#1740,#1741);
#1323=VERTEX_POINT('',#1742);
#1324=CIRCLE('',#1743,15.0);
#1325=VERTEX_POINT('',#1744);
#1326=CIRCLE('',#1745,15.0);
#1327=VERTEX_POINT('',#1746);
#1328=CIRCLE('',#1747,15.0);
#1329=VERTEX_POINT('',#1748);
#1330=CIRCLE('',#1749,15.0);
#1331=VERTEX_POINT('',#1750);
#1332=LINE('',#1751,#1752);
#1333=CIRCLE('',#1753,15.0);
#1334=FILL_AREA_STYLE_COLOUR('',#1754);
#1335=VERTEX_POINT('',#1755);
#1336=CIRCLE('',#1756,1.0);
#1337=VERTEX_POINT('',#1757);
#1338=CIRCLE('',#1758,14.0);
#1339=CIRCLE('',#1759,1.0);
#1340=CIRCLE('',#1760,15.0);
#1341=FILL_AREA_STYLE_COLOUR('',#1761);
#1342=VERTEX_POINT('',#1762);
#1343=VERTEX_POINT('',#1763);
#1344=LINE('',#1764,#1765);
#1345=VERTEX_POINT('',#1766);
#1346=CIRCLE('',#1767,13.9);
#1347=VERTEX_POINT('',#1768);
#1348=LINE('',#1769,#1770);
#1349=VERTEX_POINT('',#1771);
#1350=CIRCLE('',#1772,13.9);
#1351=VERTEX_POINT('',#1773);
#1352=LINE('',#1774,#1775);
#1353=VERTEX_POINT('',#1776);
#1354=CIRCLE('',#1777,13.9);
#1355=VERTEX_POINT('',#1778);
#1356=LINE('',#1779,#1780);
#1357=VERTEX_POINT('',#1781);
#1358=CIRCLE('',#1782,13.9);
#1359=VERTEX_POINT('',#1783);
#1360=LINE('',#1784,#1785);
#1361=CIRCLE('',#1786,13.9);
#1362=FILL_AREA_STYLE_COLOUR('',#1787);
#1363=VERTEX_POINT('',#1788);
#1364=VERTEX_POINT('',#1789);
#1365=LINE('',#1790,#1791);
#1366=VERTEX_POINT('',#1792);
#1367=CIRCLE('',#1793,3.5);
#1368=VERTEX_POINT('',#1794);
#1369=LINE('',#1795,#1796);
#1370=CIRCLE('',#1797,3.5);
#1371=FILL_AREA_STYLE_COLOUR('',#1798);
#1372=VERTEX_POINT('',#1799);
#1373=VERTEX_POINT('',#1800);
#1374=LINE('',#1801,#1802);
#1375=VERTEX_POINT('',#1803);
#1376=CIRCLE('',#1804,13.425);
#1377=VERTEX_POINT('',#1805);
#1378=LINE('',#1806,#1807);
#1379=CIRCLE('',#1808,13.425);
#1380=FILL_AREA_STYLE_COLOUR('',#1809);
#1381=VERTEX_POINT('',#1810);
#1382=VERTEX_POINT('',#1811);
#1383=LINE('',#1812,#1813);
#1384=VERTEX_POINT('',#1814);
#1385=CIRCLE('',#1815,9.5);
#1386=VERTEX_POINT('',#1816);
#1387=LINE('',#1817,#1818);
#1388=CIRCLE('',#1819,9.5);
#1389=FILL_AREA_STYLE_COLOUR('',#1820);
#1390=CIRCLE('',#1821,3.5);
#1391=FILL_AREA_STYLE_COLOUR('',#1822);
#1392=VERTEX_POINT('',#1823);
#1393=LINE('',#1824,#1825);
#1394=VERTEX_POINT('',#1826);
#1395=LINE('',#1827,#1828);
#1396=LINE('',#1829,#1830);
#1397=FILL_AREA_STYLE_COLOUR('',#1831);
#1398=VERTEX_POINT('',#1832);
#1399=CIRCLE('',#1833,9.5);
#1400=VERTEX_POINT('',#1834);
#1401=LINE('',#1835,#1836);
#1402=CIRCLE('',#1837,9.5);
#1403=FILL_AREA_STYLE_COLOUR('',#1838);
#1404=VERTEX_POINT('',#1839);
#1405=LINE('',#1840,#1841);
#1406=VERTEX_POINT('',#1842);
#1407=LINE('',#1843,#1844);
#1408=LINE('',#1845,#1846);
#1409=FILL_AREA_STYLE_COLOUR('',#1847);
#1410=CIRCLE('',#1848,3.75);
#1411=CIRCLE('',#1849,3.75);
#1412=FILL_AREA_STYLE_COLOUR('',#1850);
#1413=FILL_AREA_STYLE_COLOUR('',#1851);
#1414=VERTEX_POINT('',#1852);
#1415=VERTEX_POINT('',#1853);
#1416=CIRCLE('',#1854,15.0110167876796);
#1417=VERTEX_POINT('',#1855);
#1418=LINE('',#1856,#1857);
#1419=VERTEX_POINT('',#1858);
#1420=CIRCLE('',#1859,15.0110167876796);
#1421=LINE('',#1860,#1861);
#1422=FILL_AREA_STYLE_COLOUR('',#1862);
#1423=LINE('',#1863,#1864);
#1424=LINE('',#1865,#1866);
#1425=LINE('',#1867,#1868);
#1426=FILL_AREA_STYLE_COLOUR('',#1869);
#1427=LINE('',#1870,#1871);
#1428=LINE('',#1872,#1873);
#1429=LINE('',#1874,#1875);
#1430=FILL_AREA_STYLE_COLOUR('',#1876);
#1431=FILL_AREA_STYLE_COLOUR('',#1877);
#1432=FILL_AREA_STYLE_COLOUR('',#1878);
#1433=VERTEX_POINT('',#1879);
#1434=VERTEX_POINT('',#1880);
#1435=CIRCLE('',#1881,15.0110167876796);
#1436=VERTEX_POINT('',#1882);
#1437=LINE('',#1883,#1884);
#1438=VERTEX_POINT('',#1885);
#1439=CIRCLE('',#1886,15.0110167876796);
#1440=LINE('',#1887,#1888);
#1441=FILL_AREA_STYLE_COLOUR('',#1889);
#1442=LINE('',#1890,#1891);
#1443=LINE('',#1892,#1893);
#1444=LINE('',#1894,#1895);
#1445=FILL_AREA_STYLE_COLOUR('',#1896);
#1446=VERTEX_POINT('',#1897);
#1447=LINE('',#1898,#1899);
#1448=VERTEX_POINT('',#1900);
#1449=LINE('',#1901,#1902);
#1450=VERTEX_POINT('',#1903);
#1451=LINE('',#1904,#1905);
#1452=LINE('',#1906,#1907);
#1453=FILL_AREA_STYLE_COLOUR('',#1908);
#1454=CIRCLE('',#1909,13.9);
#1455=FILL_AREA_STYLE_COLOUR('',#1910);
#1456=CIRCLE('',#1911,15.0);
#1457=FILL_AREA_STYLE_COLOUR('',#1912);
#1458=VERTEX_POINT('',#1913);
#1459=VERTEX_POINT('',#1914);
#1460=CIRCLE('',#1915,15.0110167876796);
#1461=VERTEX_POINT('',#1916);
#1462=LINE('',#1917,#1918);
#1463=VERTEX_POINT('',#1919);
#1464=CIRCLE('',#1920,15.0110167876796);
#1465=LINE('',#1921,#1922);
#1466=FILL_AREA_STYLE_COLOUR('',#1923);
#1467=VERTEX_POINT('',#1924);
#1468=LINE('',#1925,#1926);
#1469=VERTEX_POINT('',#1927);
#1470=LINE('',#1928,#1929);
#1471=VERTEX_POINT('',#1930);
#1472=LINE('',#1931,#1932);
#1473=LINE('',#1933,#1934);
#1474=FILL_AREA_STYLE_COLOUR('',#1935);
#1475=VERTEX_POINT('',#1936);
#1476=LINE('',#1937,#1938);
#1477=VERTEX_POINT('',#1939);
#1478=LINE('',#1940,#1941);
#1479=VERTEX_POINT('',#1942);
#1480=LINE('',#1943,#1944);
#1481=LINE('',#1945,#1946);
#1482=FILL_AREA_STYLE_COLOUR('',#1947);
#1483=CIRCLE('',#1948,13.9);
#1484=FILL_AREA_STYLE_COLOUR('',#1949);
#1485=CIRCLE('',#1950,15.0);
#1486=FILL_AREA_STYLE_COLOUR('',#1951);
#1487=CIRCLE('',#1952,15.0);
#1488=CIRCLE('',#1953,13.9);
#1489=FILL_AREA_STYLE_COLOUR('',#1954);
#1490=CIRCLE('',#1955,13.9);
#1491=CIRCLE('',#1956,15.0);
#1492=FILL_AREA_STYLE_COLOUR('',#1957);
#1493=FILL_AREA_STYLE_COLOUR('',#1958);
#1494=CIRCLE('',#1959,13.425);
#1495=CIRCLE('',#1960,13.425);
#1496=FILL_AREA_STYLE_COLOUR('',#1961);
#1497=FILL_AREA_STYLE_COLOUR('',#1962);
#1498=CIRCLE('',#1963,3.5);
#1499=FILL_AREA_STYLE_COLOUR('',#1964);
#1500=CIRCLE('',#1965,13.9);
#1501=FILL_AREA_STYLE_COLOUR('',#1966);
#1502=FILL_AREA_STYLE_COLOUR('',#1967);
#1503=CIRCLE('',#1968,14.0);
#1504=FILL_AREA_STYLE_COLOUR('',#1969);
#1505=FILL_AREA_STYLE_COLOUR('',#1970);
#1506=FILL_AREA_STYLE_COLOUR('',#1971);
#1507=COLOUR_RGB('',0.321568638086319,0.321568638086319,0.321568638086319);
#1508=CARTESIAN_POINT('',(-13.899,2.89208271334455E-16,8.88178419700125E-15));
#1509=CARTESIAN_POINT('',(-7.9,8.0884527892305E-16,0.959888037023278));
#1511=CARTESIAN_POINT('',(-13.899,2.89208271334455E-16,8.88178419700125E-15));
#1512=CARTESIAN_POINT('',(-7.02358765778697,2.50935463649327E-17,1.43777359672689));
#1513=CARTESIAN_POINT('',(-6.52256026967279E-15,4.12172945071166E-17,1.35000000000002));
#1520=CARTESIAN_POINT('',(0.0,13.899,0.0));
#1521=AXIS2_PLACEMENT_3D('',#1972,#1973,#1974);
#1522=CARTESIAN_POINT('',(13.899,2.89208271334459E-16,8.88178419700125E-15));
#1523=AXIS2_PLACEMENT_3D('',#1975,#1976,#1977);
#1524=CARTESIAN_POINT('',(7.9,-1.6678329211046E-16,0.959888037023278));
#1526=CARTESIAN_POINT('',(13.899,2.89208271334459E-16,8.88178419700125E-15));
#1527=CARTESIAN_POINT('',(10.9223069901035,-1.04802546508276E-16,0.622480573117021));
#1528=CARTESIAN_POINT('',(7.9,-1.6678329211046E-16,0.959888037023278));
#1535=CARTESIAN_POINT('',(7.1,-1.02311914080674E-14,1.04411210554464));
#1536=CARTESIAN_POINT('',(7.9,-4.46446283743321E-16,0.95988803702328));
#1537=CARTESIAN_POINT('',(7.9,0.00352157943077853,0.95988803702328));
#1538=CARTESIAN_POINT('',(7.89995349445759,0.00704522860408525,0.95989296598544));
#1539=CARTESIAN_POINT('',(7.89854918768411,0.0601695563200129,0.960041803137193));
#1540=CARTESIAN_POINT('',(7.88802175344665,0.109073405347162,0.96115775177239));
#1541=CARTESIAN_POINT('',(7.85079852849948,0.197770804015412,0.965101030513148));
#1542=CARTESIAN_POINT('',(7.82540136140833,0.237233228601937,0.967790790433849));
#1543=CARTESIAN_POINT('',(7.76482398878727,0.302811636652552,0.974200630028404));
#1544=CARTESIAN_POINT('',(7.73100390356675,0.329329431672835,0.977777099741401));
#1545=CARTESIAN_POINT('',(7.65436786801024,0.371736650312358,0.985873137648696));
#1546=CARTESIAN_POINT('',(7.61170512518112,0.386697810687716,0.9903760537761));
#1547=CARTESIAN_POINT('',(7.54958796048083,0.397329214981826,0.996924478167894));
#1548=CARTESIAN_POINT('',(7.53151030985016,0.399169740064636,0.998829365951528));
#1549=CARTESIAN_POINT('',(7.50685104364337,0.399994535431839,1.00142653539651));
#1550=CARTESIAN_POINT('',(7.50032612497328,0.400053070190625,1.00211363750611));
#1551=CARTESIAN_POINT('',(7.48988754918374,0.399891323240924,1.00321267593019));
#1552=CARTESIAN_POINT('',(7.48597347391681,0.399773172042924,1.00362473174292));
#1553=CARTESIAN_POINT('',(7.4785779310945,0.399441180059704,1.00440321998624));
#1554=CARTESIAN_POINT('',(7.47509628171968,0.399239234921527,1.00476968036204));
#1555=CARTESIAN_POINT('',(7.46724901128963,0.398681018611676,1.00559556723489));
#1556=CARTESIAN_POINT('',(7.46288565869312,0.39829851736931,1.00605473547867));
#1557=CARTESIAN_POINT('',(7.44992458130004,0.396947477262401,1.00741850906237));
#1558=CARTESIAN_POINT('',(7.44135069184821,0.3957715519969,1.00832045176127));
#1559=CARTESIAN_POINT('',(7.39031777412977,0.387077241289965,1.01368770598834));
#1560=CARTESIAN_POINT('',(7.34924076123332,0.373007462103337,1.01800263579776));
#1561=CARTESIAN_POINT('',(7.27565531098468,0.333607840644304,1.0257245153645));
#1562=CARTESIAN_POINT('',(7.2431722459656,0.309304422353919,1.02912942057794));
#1563=CARTESIAN_POINT('',(7.1789194588908,0.243995068861447,1.03585950305074));
#1564=CARTESIAN_POINT('',(7.15029913185942,0.200861021344785,1.03885340850259));
#1565=CARTESIAN_POINT('',(7.11040839956829,0.10483219937769,1.04302471342891));
#1566=CARTESIAN_POINT('',(7.1,0.052684803652405,1.04411210554464));
#1567=CARTESIAN_POINT('',(7.1,-1.02311914080674E-14,1.04411210554464));
#1568=CARTESIAN_POINT('',(0.0,0.0,1.35));
#1570=CARTESIAN_POINT('',(7.1,-1.02311914080674E-14,1.04411210554464));
#1571=CARTESIAN_POINT('',(3.55850516965081,-1.02699577154948E-14,1.39447054880362));
#1572=CARTESIAN_POINT('',(-6.52256026967279E-15,4.12172945071166E-17,1.35000000000002));
#1579=CARTESIAN_POINT('',(-7.1,-1.09944982554816E-14,1.04411210554464));
#1581=CARTESIAN_POINT('',(-13.899,2.89208271334455E-16,8.88178419700125E-15));
#1582=CARTESIAN_POINT('',(-7.02358765778697,2.50935463649327E-17,1.43777359672689));
#1583=CARTESIAN_POINT('',(-6.52256026967279E-15,4.12172945071166E-17,1.35000000000002));
#1590=CARTESIAN_POINT('',(-7.09999999999999,-1.09944982554816E-14,1.04411210554463));
#1591=CARTESIAN_POINT('',(-7.1,0.0450636175122368,1.04411210554464));
#1592=CARTESIAN_POINT('',(-7.10761506623248,0.0897911193401808,1.04331648218294));
#1593=CARTESIAN_POINT('',(-7.13763879755575,0.175461147298521,1.04017746813653));
#1594=CARTESIAN_POINT('',(-7.16004733278883,0.215680661173043,1.03783399616272));
#1595=CARTESIAN_POINT('',(-7.21481349462678,0.283536921771288,1.03210052629855));
#1596=CARTESIAN_POINT('',(-7.24574638686054,0.311567073206963,1.02886002666471));
#1597=CARTESIAN_POINT('',(-7.31522594672445,0.357204001959168,1.02157325853833));
#1598=CARTESIAN_POINT('',(-7.35339067285297,0.374483046038823,1.01756695333036));
#1599=CARTESIAN_POINT('',(-7.41064554303845,0.390297356793995,1.01154960119964));
#1600=CARTESIAN_POINT('',(-7.4280811284852,0.393882897184884,1.00971631436545));
#1601=CARTESIAN_POINT('',(-7.45184472933857,0.397139275252873,1.00721646343877));
#1602=CARTESIAN_POINT('',(-7.45801344167074,0.397838734303718,1.00656742898698));
#1603=CARTESIAN_POINT('',(-7.46802441673933,0.398738434554249,1.00551396125074));
#1604=CARTESIAN_POINT('',(-7.47185780456951,0.399027308929643,1.00511052789292));
#1605=CARTESIAN_POINT('',(-7.47919032911283,0.399473681488183,1.00433875990796));
#1606=CARTESIAN_POINT('',(-7.48268856509477,0.399640561642806,1.00397052706456));
#1607=CARTESIAN_POINT('',(-7.49069261081087,0.399917095881939,1.00312792385375));
#1608=CARTESIAN_POINT('',(-7.49519899829498,0.399996576485214,1.00265347033314));
#1609=CARTESIAN_POINT('',(-7.50897853715528,0.400006713079075,1.00120252441836));
#1610=CARTESIAN_POINT('',(-7.51824886750076,0.399691090100249,1.00022614728551));
#1611=CARTESIAN_POINT('',(-7.57913382627824,0.395495331690908,0.993812032887296));
#1612=CARTESIAN_POINT('',(-7.62961508533119,0.381947496668211,0.988486412950178));
#1613=CARTESIAN_POINT('',(-7.71889352695632,0.338163046012286,0.979057503371715));
#1614=CARTESIAN_POINT('',(-7.75760807566459,0.309701089568146,0.974963967365802));
#1615=CARTESIAN_POINT('',(-7.82630324180879,0.237169602114305,0.967695554422808));
#1616=CARTESIAN_POINT('',(-7.8544620125272,0.192587474694475,0.964713054947136));
#1617=CARTESIAN_POINT('',(-7.89093888811525,0.0979070856734735,0.960848579284491));
#1618=CARTESIAN_POINT('',(-7.9,0.0491551703348614,0.959888037023278));
#1619=CARTESIAN_POINT('',(-7.9,8.0884527892305E-16,0.959888037023278));
#1620=COLOUR_RGB('',0.321568638086319,0.321568638086319,0.321568638086319);
#1621=CARTESIAN_POINT('',(0.0,13.899,2.00648582767358));
#1622=CARTESIAN_POINT('',(1.70208037117772E-15,13.899,1.00324291383679));
#1623=VECTOR('',#1978,1.0);
#1624=CARTESIAN_POINT('',(-1.70208037117772E-15,-13.899,2.00648582767358));
#1625=AXIS2_PLACEMENT_3D('',#1979,#1980,#1981);
#1626=CARTESIAN_POINT('',(-1.70208037117772E-15,-13.899,-4.81635131083235E-15));
#1627=CARTESIAN_POINT('',(-1.70208037117772E-15,-13.899,1.00324291383679));
#1628=VECTOR('',#1982,1.0);
#1629=AXIS2_PLACEMENT_3D('',#1983,#1984,#1985);
#1630=COLOUR_RGB('',1.0,1.0,1.0);
#1631=CARTESIAN_POINT('',(-7.1,-4.89831144501676E-17,-5.5));
#1632=CARTESIAN_POINT('',(-7.1,-4.89831144501676E-17,-2.22744394722768));
#1633=VECTOR('',#1986,1.0);
#1634=CARTESIAN_POINT('',(-7.9,1.56870516399048E-15,0.959888037023278));
#1635=CARTESIAN_POINT('',(-7.90000000168626,-0.00352157943077923,0.959888037950487));
#1636=CARTESIAN_POINT('',(-7.8999534944576,-0.00704522860408568,0.959892965985441));
#1637=CARTESIAN_POINT('',(-7.89854918768411,-0.0601695563200263,0.960041803137193));
#1638=CARTESIAN_POINT('',(-7.88802175344664,-0.109073405347175,0.961157751772391));
#1639=CARTESIAN_POINT('',(-7.85079852849947,-0.197770804015419,0.965101030513148));
#1640=CARTESIAN_POINT('',(-7.82540136140833,-0.237233228601941,0.967790790433849));
#1641=CARTESIAN_POINT('',(-7.76482398878727,-0.302811636652562,0.974200630028405));
#1642=CARTESIAN_POINT('',(-7.73100390356674,-0.329329431672842,0.977777099741403));
#1643=CARTESIAN_POINT('',(-7.65436786801023,-0.371736650312363,0.985873137648697));
#1644=CARTESIAN_POINT('',(-7.61170512518111,-0.386697810687717,0.990376053776101));
#1645=CARTESIAN_POINT('',(-7.54958796048083,-0.397329214981824,0.996924478167894));
#1646=CARTESIAN_POINT('',(-7.53151030985018,-0.399169740064636,0.998829365951527));
#1647=CARTESIAN_POINT('',(-7.50685104364338,-0.399994535431839,1.00142653539651));
#1648=CARTESIAN_POINT('',(-7.50032612497331,-0.400053070190627,1.0021136375061));
#1649=CARTESIAN_POINT('',(-7.48988754918366,-0.399891323240923,1.0032126759302));
#1650=CARTESIAN_POINT('',(-7.48597347391677,-0.399773172042922,1.00362473174292));
#1651=CARTESIAN_POINT('',(-7.47857793109459,-0.399441180059708,1.00440321998623));
#1652=CARTESIAN_POINT('',(-7.47509628171973,-0.399239234921531,1.00476968036204));
#1653=CARTESIAN_POINT('',(-7.46724901128966,-0.398681018611679,1.00559556723488));
#1654=CARTESIAN_POINT('',(-7.46288565869313,-0.398298517369313,1.00605473547867));
#1655=CARTESIAN_POINT('',(-7.44992458129998,-0.396947477262397,1.00741850906238));
#1656=CARTESIAN_POINT('',(-7.44135069184818,-0.395771551996895,1.00832045176127));
#1657=CARTESIAN_POINT('',(-7.39031777412975,-0.387077241289962,1.01368770598834));
#1658=CARTESIAN_POINT('',(-7.34924076123332,-0.373007462103328,1.01800263579776));
#1659=CARTESIAN_POINT('',(-7.27565531098468,-0.333607840644302,1.0257245153645));
#1660=CARTESIAN_POINT('',(-7.24317224596561,-0.309304422353917,1.02912942057794));
#1661=CARTESIAN_POINT('',(-7.17891945889083,-0.243995068861478,1.03585950305074));
#1662=CARTESIAN_POINT('',(-7.15029913185943,-0.200861021344807,1.03885340850259));
#1663=CARTESIAN_POINT('',(-7.11040839956828,-0.104832199377681,1.04302471342892));
#1664=CARTESIAN_POINT('',(-7.1,-0.0526848036524046,1.04411210554464));
#1665=CARTESIAN_POINT('',(-7.1,-1.09944982554816E-14,1.04411210554464));
#1666=CARTESIAN_POINT('',(-7.9,4.89858719658941E-17,-5.5));
#1667=CARTESIAN_POINT('',(-7.9,4.89853938556225E-17,-2.22744394722768));
#1668=VECTOR('',#1987,1.0);
#1669=AXIS2_PLACEMENT_3D('',#1988,#1989,#1990);
#1670=COLOUR_RGB('',1.0,1.0,1.0);
#1671=CARTESIAN_POINT('',(7.9,-4.89842541528951E-17,-5.5));
#1672=CARTESIAN_POINT('',(7.9,-4.89842541528951E-17,-2.22744394722768));
#1673=VECTOR('',#1991,1.0);
#1674=CARTESIAN_POINT('',(7.1,-1.02311914080674E-14,1.04411210554463));
#1675=CARTESIAN_POINT('',(7.1,-0.0450636175123023,1.04411210554463));
#1676=CARTESIAN_POINT('',(7.10761506623252,-0.0897911193402814,1.04331648218294));
#1677=CARTESIAN_POINT('',(7.13763879755578,-0.175461147298554,1.04017746813653));
#1678=CARTESIAN_POINT('',(7.16004733278885,-0.215680661173069,1.03783399616272));
#1679=CARTESIAN_POINT('',(7.21481349462681,-0.283536921771304,1.03210052629854));
#1680=CARTESIAN_POINT('',(7.24574638686055,-0.311567073206975,1.02886002666471));
#1681=CARTESIAN_POINT('',(7.31522594672448,-0.357204001959177,1.02157325853832));
#1682=CARTESIAN_POINT('',(7.35339067285299,-0.374483046038827,1.01756695333036));
#1683=CARTESIAN_POINT('',(7.41064554303845,-0.390297356793993,1.01154960119963));
#1684=CARTESIAN_POINT('',(7.42808112848519,-0.393882897184881,1.00971631436545));
#1685=CARTESIAN_POINT('',(7.45184472933857,-0.397139275252872,1.00721646343877));
#1686=CARTESIAN_POINT('',(7.45801344167074,-0.397838734303717,1.00656742898698));
#1687=CARTESIAN_POINT('',(7.46802441673926,-0.398738434554241,1.00551396125075));
#1688=CARTESIAN_POINT('',(7.47185780456937,-0.399027308929635,1.00511052789294));
#1689=CARTESIAN_POINT('',(7.4791903291129,-0.399473681488188,1.00433875990796));
#1690=CARTESIAN_POINT('',(7.48268856509492,-0.39964056164281,1.00397052706455));
#1691=CARTESIAN_POINT('',(7.49069261081082,-0.399917095881936,1.00312792385376));
#1692=CARTESIAN_POINT('',(7.4951989982949,-0.399996576485214,1.00265347033314));
#1693=CARTESIAN_POINT('',(7.50897853715532,-0.400006713079075,1.00120252441835));
#1694=CARTESIAN_POINT('',(7.51824886750077,-0.399691090100246,1.00022614728551));
#1695=CARTESIAN_POINT('',(7.5791338262782,-0.395495331690911,0.993812032887299));
#1696=CARTESIAN_POINT('',(7.62961508533116,-0.381947496668225,0.988486412950181));
#1697=CARTESIAN_POINT('',(7.71889352695635,-0.338163046012274,0.979057503371712));
#1698=CARTESIAN_POINT('',(7.75760807566459,-0.309701089568137,0.974963967365801));
#1699=CARTESIAN_POINT('',(7.82630324180874,-0.237169602114345,0.967695554422811));
#1700=CARTESIAN_POINT('',(7.85446201252718,-0.19258747469451,0.964713054947137));
#1701=CARTESIAN_POINT('',(7.89093888811525,-0.0979070856734813,0.960848579284491));
#1702=CARTESIAN_POINT('',(7.9,-0.0491551703348708,0.95988803702328));
#1703=CARTESIAN_POINT('',(7.9,-4.46446283743321E-16,0.95988803702328));
#1704=CARTESIAN_POINT('',(7.1,4.89858719658941E-17,-5.5));
#1705=CARTESIAN_POINT('',(7.1,4.89842541528951E-17,-2.22744394722768));
#1706=VECTOR('',#1992,1.0);
#1707=AXIS2_PLACEMENT_3D('',#1993,#1994,#1995);
#1708=COLOUR_RGB('',1.0,1.0,1.0);
#1709=AXIS2_PLACEMENT_3D('',#1996,#1997,#1998);
#1710=COLOUR_RGB('',1.0,1.0,1.0);
#1711=COLOUR_RGB('',1.0,1.0,1.0);
#1712=AXIS2_PLACEMENT_3D('',#1999,#2000,#2001);
#1713=COLOUR_RGB('',1.0,1.0,1.0);
#1714=COLOUR_RGB('',0.321568638086319,0.321568638086319,0.321568638086319);
#1715=AXIS2_PLACEMENT_3D('',#2002,#2003,#2004);
#1716=COLOUR_RGB('',0.321568638086319,0.321568638086319,0.321568638086319);
#1717=AXIS2_PLACEMENT_3D('',#2005,#2006,#2007);
#1718=COLOUR_RGB('',0.321568638086319,0.321568638086319,0.321568638086319);
#1719=COLOUR_RGB('',0.752941191196442,0.752941191196442,0.752941191196442);
#1720=COLOUR_RGB('',0.658823549747467,0.34901961684227,0.125490203499794);
#1721=CARTESIAN_POINT('',(-13.895,1.70159052863619E-15,12.95));
#1722=CARTESIAN_POINT('',(-13.895,1.70159052863619E-15,12.8));
#1723=CARTESIAN_POINT('',(-13.895,1.70159052863619E-15,12.95));
#1724=VECTOR('',#2008,1.0);
#1725=CARTESIAN_POINT('',(13.895,1.70164672741525E-15,12.95));
#1726=AXIS2_PLACEMENT_3D('',#2009,#2010,#2011);
#1727=CARTESIAN_POINT('',(13.895,1.70164672741525E-15,12.8));
#1728=CARTESIAN_POINT('',(13.895,-1.70159052863619E-15,12.95));
#1729=VECTOR('',#2012,1.0);
#1730=AXIS2_PLACEMENT_3D('',#2013,#2014,#2015);
#1731=COLOUR_RGB('',0.658823549747467,0.34901961684227,0.125490203499794);
#1732=AXIS2_PLACEMENT_3D('',#2016,#2017,#2018);
#1733=AXIS2_PLACEMENT_3D('',#2019,#2020,#2021);
#1734=COLOUR_RGB('',0.658823549747467,0.34901961684227,0.125490203499794);
#1735=COLOUR_RGB('',0.658823549747467,0.34901961684227,0.125490203499794);
#1736=COLOUR_RGB('',0.752941191196442,0.752941191196442,0.752941191196442);
#1737=COLOUR_RGB('',0.321568638086319,0.321568638086319,0.321568638086319);
#1738=CARTESIAN_POINT('',(-15.0,-1.83690953073357E-15,0.0));
#1739=CARTESIAN_POINT('',(-15.0,-1.83690953073357E-15,18.35));
#1740=CARTESIAN_POINT('',(-15.0,-1.83690953073357E-15,0.0));
#1741=VECTOR('',#2022,1.0);
#1742=CARTESIAN_POINT('',(-14.9889751150637,-0.575,0.0));
#1743=AXIS2_PLACEMENT_3D('',#2023,#2024,#2025);
#1744=CARTESIAN_POINT('',(6.99652295035582,-13.268333226338,0.0));
#1745=AXIS2_PLACEMENT_3D('',#2026,#2027,#2028);
#1746=CARTESIAN_POINT('',(7.99245216470793,-12.693333226338,0.0));
#1747=AXIS2_PLACEMENT_3D('',#2029,#2030,#2031);
#1748=CARTESIAN_POINT('',(15.0,1.83690953073357E-15,0.0));
#1749=AXIS2_PLACEMENT_3D('',#2032,#2033,#2034);
#1750=CARTESIAN_POINT('',(15.0,1.83690953073357E-15,18.35));
#1751=CARTESIAN_POINT('',(15.0,1.83690953073357E-15,0.0));
#1752=VECTOR('',#2035,1.0);
#1753=AXIS2_PLACEMENT_3D('',#2036,#2037,#2038);
#1754=COLOUR_RGB('',0.321568638086319,0.321568638086319,0.321568638086319);
#1755=CARTESIAN_POINT('',(-14.0,-1.71444889535133E-15,19.35));
#1756=AXIS2_PLACEMENT_3D('',#2039,#2040,#2041);
#1757=CARTESIAN_POINT('',(14.0,-1.71444889535133E-15,19.35));
#1758=AXIS2_PLACEMENT_3D('',#2042,#2043,#2044);
#1759=AXIS2_PLACEMENT_3D('',#2045,#2046,#2047);
#1760=AXIS2_PLACEMENT_3D('',#2048,#2049,#2050);
#1761=COLOUR_RGB('',0.321568638086319,0.321568638086319,0.321568638086319);
#1762=CARTESIAN_POINT('',(-13.9,-1.7022028318131E-15,18.25));
#1763=CARTESIAN_POINT('',(-13.9,-1.7022028318131E-15,-1.0));
#1764=CARTESIAN_POINT('',(-13.9,-1.7022028318131E-15,0.0));
#1765=VECTOR('',#2051,1.0);
#1766=CARTESIAN_POINT('',(13.9,1.7022028318131E-15,18.25));
#1767=AXIS2_PLACEMENT_3D('',#2052,#2053,#2054);
#1768=CARTESIAN_POINT('',(13.9,1.7022028318131E-15,0.0));
#1769=CARTESIAN_POINT('',(13.9,1.7022028318131E-15,0.0));
#1770=VECTOR('',#2055,1.0);
#1771=CARTESIAN_POINT('',(7.44201556825058,-11.7399490749286,0.0));
#1772=AXIS2_PLACEMENT_3D('',#2056,#2057,#2058);
#1773=CARTESIAN_POINT('',(7.44201556825058,-11.7399490749286,-1.0));
#1774=CARTESIAN_POINT('',(7.44201556825058,-11.7399490749286,0.0));
#1775=VECTOR('',#2059,1.0);
#1776=CARTESIAN_POINT('',(6.44608635389848,-12.3149490749286,-1.0));
#1777=AXIS2_PLACEMENT_3D('',#2060,#2061,#2062);
#1778=CARTESIAN_POINT('',(6.44608635389848,-12.3149490749286,0.0));
#1779=CARTESIAN_POINT('',(6.44608635389848,-12.3149490749286,0.0));
#1780=VECTOR('',#2063,1.0);
#1781=CARTESIAN_POINT('',(-13.888101922149,-0.575,0.0));
#1782=AXIS2_PLACEMENT_3D('',#2064,#2065,#2066);
#1783=CARTESIAN_POINT('',(-13.888101922149,-0.575,-1.0));
#1784=CARTESIAN_POINT('',(-13.888101922149,-0.575,0.0));
#1785=VECTOR('',#2067,1.0);
#1786=AXIS2_PLACEMENT_3D('',#2068,#2069,#2070);
#1787=COLOUR_RGB('',0.321568638086319,0.321568638086319,0.321568638086319);
#1788=CARTESIAN_POINT('',(-3.5,4.28612223837832E-16,18.25));
#1789=CARTESIAN_POINT('',(-3.5,4.28612223837832E-16,19.5));
#1790=CARTESIAN_POINT('',(-3.5,4.28612223837832E-16,19.35));
#1791=VECTOR('',#2071,1.0);
#1792=CARTESIAN_POINT('',(3.5,4.28612223837832E-16,18.25));
#1793=AXIS2_PLACEMENT_3D('',#2072,#2073,#2074);
#1794=CARTESIAN_POINT('',(3.5,4.28626379701574E-16,19.5));
#1795=CARTESIAN_POINT('',(3.5,-4.28612223837832E-16,19.35));
#1796=VECTOR('',#2075,1.0);
#1797=AXIS2_PLACEMENT_3D('',#2076,#2077,#2078);
#1798=COLOUR_RGB('',0.0549019612371922,0.0549019612371922,0.0549019612371922);
#1799=CARTESIAN_POINT('',(-13.425,-1.64403403000654E-15,19.35));
#1800=CARTESIAN_POINT('',(-13.425,-1.64403403000654E-15,19.5));
#1801=CARTESIAN_POINT('',(-13.425,-1.64403403000654E-15,19.35));
#1802=VECTOR('',#2079,1.0);
#1803=CARTESIAN_POINT('',(13.425,1.64408832785532E-15,19.35));
#1804=AXIS2_PLACEMENT_3D('',#2080,#2081,#2082);
#1805=CARTESIAN_POINT('',(13.425,1.64408832785532E-15,19.5));
#1806=CARTESIAN_POINT('',(13.425,1.64403403000654E-15,19.35));
#1807=VECTOR('',#2083,1.0);
#1808=AXIS2_PLACEMENT_3D('',#2084,#2085,#2086);
#1809=COLOUR_RGB('',0.572549045085907,0.572549045085907,0.572549045085907);
#1810=CARTESIAN_POINT('',(8.72854512504805,3.75,19.5));
#1811=CARTESIAN_POINT('',(8.72854512504805,3.75,19.6505));
#1812=CARTESIAN_POINT('',(8.72854512504805,3.75,19.5));
#1813=VECTOR('',#2087,1.0);
#1814=CARTESIAN_POINT('',(-8.72854512504805,3.74999999999999,19.5));
#1815=AXIS2_PLACEMENT_3D('',#2088,#2089,#2090);
#1816=CARTESIAN_POINT('',(-8.72854512504805,3.74999999999999,19.6505));
#1817=CARTESIAN_POINT('',(-8.72854512504805,3.74999999999999,19.5));
#1818=VECTOR('',#2091,0.150499999999991);
#1819=AXIS2_PLACEMENT_3D('',#2092,#2093,#2094);
#1820=COLOUR_RGB('',0.572549045085907,0.572549045085907,0.572549045085907);
#1821=AXIS2_PLACEMENT_3D('',#2095,#2096,#2097);
#1822=COLOUR_RGB('',0.572549045085907,0.572549045085907,0.572549045085907);
#1823=CARTESIAN_POINT('',(-9.35,3.75,19.6505));
#1824=CARTESIAN_POINT('',(-9.35,3.75,19.6505));
#1825=VECTOR('',#2098,0.621454874951953);
#1826=CARTESIAN_POINT('',(-9.35,3.75,19.5));
#1827=CARTESIAN_POINT('',(-4.67499999999999,3.74999999999996,19.5));
#1828=VECTOR('',#2099,0.621454874951953);
#1829=CARTESIAN_POINT('',(-9.35,3.75,19.5));
#1830=VECTOR('',#2100,0.150499999999991);
#1831=COLOUR_RGB('',0.572549045085907,0.572549045085907,0.572549045085907);
#1832=CARTESIAN_POINT('',(-8.72854512504805,-3.75,19.6505));
#1833=AXIS2_PLACEMENT_3D('',#2101,#2102,#2103);
#1834=CARTESIAN_POINT('',(-8.72854512504805,-3.75,19.5));
#1835=CARTESIAN_POINT('',(-8.72854512504805,-3.75,19.5));
#1836=VECTOR('',#2104,0.150499999999991);
#1837=AXIS2_PLACEMENT_3D('',#2105,#2106,#2107);
#1838=COLOUR_RGB('',0.572549045085907,0.572549045085907,0.572549045085907);
#1839=CARTESIAN_POINT('',(-9.34999999999999,-3.75,19.6505));
#1840=CARTESIAN_POINT('',(-8.72854512504805,-3.75,19.6505));
#1841=VECTOR('',#2108,0.62145487495194);
#1842=CARTESIAN_POINT('',(-9.34999999999999,-3.75,19.5));
#1843=CARTESIAN_POINT('',(-9.34999999999999,-3.75,19.5));
#1844=VECTOR('',#2109,0.150499999999991);
#1845=CARTESIAN_POINT('',(-4.36427256252401,-3.74999999999998,19.5));
#1846=VECTOR('',#2110,0.62145487495194);
#1847=COLOUR_RGB('',0.572549045085907,0.572549045085907,0.572549045085907);
#1848=AXIS2_PLACEMENT_3D('',#2111,#2112,#2113);
#1849=AXIS2_PLACEMENT_3D('',#2114,#2115,#2116);
#1850=COLOUR_RGB('',0.572549045085907,0.572549045085907,0.572549045085907);
#1851=COLOUR_RGB('',0.321568638086319,0.321568638086319,0.321568638086319);
#1852=CARTESIAN_POINT('',(7.00203539282395,-13.2778810567666,-1.0));
#1853=CARTESIAN_POINT('',(7.99796460717606,-12.7028810567666,-1.0));
#1854=AXIS2_PLACEMENT_3D('',#2117,#2118,#2119);
#1855=CARTESIAN_POINT('',(7.99796460717606,-12.7028810567666,0.0));
#1856=CARTESIAN_POINT('',(7.99796460717606,-12.7028810567666,0.0));
#1857=VECTOR('',#2120,1.0);
#1858=CARTESIAN_POINT('',(7.00203539282395,-13.2778810567666,0.0));
#1859=AXIS2_PLACEMENT_3D('',#2121,#2122,#2123);
#1860=CARTESIAN_POINT('',(7.00203539282395,-13.2778810567666,0.0));
#1861=VECTOR('',#2124,1.0);
#1862=COLOUR_RGB('',0.321568638086319,0.321568638086319,0.321568638086319);
#1863=CARTESIAN_POINT('',(7.99796460717606,-12.7028810567666,-1.0));
#1864=VECTOR('',#2125,1.11189807785096);
#1865=CARTESIAN_POINT('',(4.24796460717606,-6.20769052838329,0.0));
#1866=VECTOR('',#2126,1.10087319291469);
#1867=CARTESIAN_POINT('',(7.99796460717606,-12.7028810567666,0.0));
#1868=VECTOR('',#2127,0.011024884936263);
#1869=COLOUR_RGB('',0.321568638086319,0.321568638086319,0.321568638086319);
#1870=CARTESIAN_POINT('',(6.44608635389848,-12.3149490749286,-1.0));
#1871=VECTOR('',#2128,1.11189807785096);
#1872=CARTESIAN_POINT('',(6.44608635389848,-12.3149490749286,0.0));
#1873=VECTOR('',#2129,0.0110248849362629);
#1874=CARTESIAN_POINT('',(2.97406087336121,-6.30122453746428,0.0));
#1875=VECTOR('',#2130,1.10087319291469);
#1876=COLOUR_RGB('',0.321568638086319,0.321568638086319,0.321568638086319);
#1877=COLOUR_RGB('',0.321568638086319,0.321568638086319,0.321568638086319);
#1878=COLOUR_RGB('',0.321568638086319,0.321568638086319,0.321568638086319);
#1879=CARTESIAN_POINT('',(-15.0,0.575,-1.0));
#1880=CARTESIAN_POINT('',(-15.0,-0.575,-1.0));
#1881=AXIS2_PLACEMENT_3D('',#2131,#2132,#2133);
#1882=CARTESIAN_POINT('',(-15.0,-0.575,0.0));
#1883=CARTESIAN_POINT('',(-15.0,-0.575,0.0));
#1884=VECTOR('',#2134,1.0);
#1885=CARTESIAN_POINT('',(-15.0,0.575,0.0));
#1886=AXIS2_PLACEMENT_3D('',#2135,#2136,#2137);
#1887=CARTESIAN_POINT('',(-15.0,0.575,0.0));
#1888=VECTOR('',#2138,1.0);
#1889=COLOUR_RGB('',0.321568638086319,0.321568638086319,0.321568638086319);
#1890=CARTESIAN_POINT('',(-15.0,-0.575,-1.0));
#1891=VECTOR('',#2139,1.11189807785096);
#1892=CARTESIAN_POINT('',(-7.5,-0.575,0.0));
#1893=VECTOR('',#2140,1.1008731929147);
#1894=CARTESIAN_POINT('',(-15.0,-0.575,0.0));
#1895=VECTOR('',#2141,0.0110248849362615);
#1896=COLOUR_RGB('',0.321568638086319,0.321568638086319,0.321568638086319);
#1897=CARTESIAN_POINT('',(-13.888101922149,0.575,-1.0));
#1898=CARTESIAN_POINT('',(-13.888101922149,0.575,-1.0));
#1899=VECTOR('',#2142,1.11189807785096);
#1900=CARTESIAN_POINT('',(-14.9889751150637,0.575,0.0));
#1901=CARTESIAN_POINT('',(-13.888101922149,0.575,0.0));
#1902=VECTOR('',#2143,0.0110248849362615);
#1903=CARTESIAN_POINT('',(-13.888101922149,0.575,0.0));
#1904=CARTESIAN_POINT('',(-6.94405096107452,0.575,0.0));
#1905=VECTOR('',#2144,1.1008731929147);
#1906=CARTESIAN_POINT('',(-13.888101922149,0.575,0.0));
#1907=VECTOR('',#2145,1.0);
#1908=COLOUR_RGB('',0.321568638086319,0.321568638086319,0.321568638086319);
#1909=AXIS2_PLACEMENT_3D('',#2146,#2147,#2148);
#1910=COLOUR_RGB('',0.321568638086319,0.321568638086319,0.321568638086319);
#1911=AXIS2_PLACEMENT_3D('',#2149,#2150,#2151);
#1912=COLOUR_RGB('',0.321568638086319,0.321568638086319,0.321568638086319);
#1913=CARTESIAN_POINT('',(7.99796460717605,12.7028810567666,-1.0));
#1914=CARTESIAN_POINT('',(7.00203539282394,13.2778810567666,-1.0));
#1915=AXIS2_PLACEMENT_3D('',#2152,#2153,#2154);
#1916=CARTESIAN_POINT('',(7.00203539282394,13.2778810567666,0.0));
#1917=CARTESIAN_POINT('',(7.00203539282394,13.2778810567666,0.0));
#1918=VECTOR('',#2155,1.0);
#1919=CARTESIAN_POINT('',(7.99796460717605,12.7028810567666,0.0));
#1920=AXIS2_PLACEMENT_3D('',#2156,#2157,#2158);
#1921=CARTESIAN_POINT('',(7.99796460717605,12.7028810567666,0.0));
#1922=VECTOR('',#2159,1.0);
#1923=COLOUR_RGB('',0.321568638086319,0.321568638086319,0.321568638086319);
#1924=CARTESIAN_POINT('',(6.44608635389847,12.3149490749286,-1.0));
#1925=CARTESIAN_POINT('',(7.00203539282394,13.2778810567666,-1.0));
#1926=VECTOR('',#2160,1.11189807785096);
#1927=CARTESIAN_POINT('',(6.44608635389847,12.3149490749286,0.0));
#1928=CARTESIAN_POINT('',(6.44608635389847,12.3149490749286,0.0));
#1929=VECTOR('',#2161,1.0);
#1930=CARTESIAN_POINT('',(6.99652295035581,13.268333226338,0.0));
#1931=CARTESIAN_POINT('',(3.25203539282394,6.78269052838329,0.0));
#1932=VECTOR('',#2162,1.10087319291469);
#1933=CARTESIAN_POINT('',(7.00203539282394,13.2778810567666,0.0));
#1934=VECTOR('',#2163,0.0110248849362624);
#1935=COLOUR_RGB('',0.321568638086319,0.321568638086319,0.321568638086319);
#1936=CARTESIAN_POINT('',(7.44201556825057,11.7399490749286,-1.0));
#1937=CARTESIAN_POINT('',(7.44201556825057,11.7399490749286,-1.0));
#1938=VECTOR('',#2164,1.11189807785096);
#1939=CARTESIAN_POINT('',(7.99245216470792,12.693333226338,0.0));
#1940=CARTESIAN_POINT('',(7.44201556825057,11.7399490749286,0.0));
#1941=VECTOR('',#2165,0.0110248849362585);
#1942=CARTESIAN_POINT('',(7.44201556825057,11.7399490749286,0.0));
#1943=CARTESIAN_POINT('',(3.96999008771331,5.72622453746428,0.0));
#1944=VECTOR('',#2166,1.1008731929147);
#1945=CARTESIAN_POINT('',(7.44201556825057,11.7399490749286,0.0));
#1946=VECTOR('',#2167,1.0);
#1947=COLOUR_RGB('',0.321568638086319,0.321568638086319,0.321568638086319);
#1948=AXIS2_PLACEMENT_3D('',#2168,#2169,#2170);
#1949=COLOUR_RGB('',0.321568638086319,0.321568638086319,0.321568638086319);
#1950=AXIS2_PLACEMENT_3D('',#2171,#2172,#2173);
#1951=COLOUR_RGB('',0.321568638086319,0.321568638086319,0.321568638086319);
#1952=AXIS2_PLACEMENT_3D('',#2174,#2175,#2176);
#1953=AXIS2_PLACEMENT_3D('',#2177,#2178,#2179);
#1954=COLOUR_RGB('',0.321568638086319,0.321568638086319,0.321568638086319);
#1955=AXIS2_PLACEMENT_3D('',#2180,#2181,#2182);
#1956=AXIS2_PLACEMENT_3D('',#2183,#2184,#2185);
#1957=COLOUR_RGB('',0.321568638086319,0.321568638086319,0.321568638086319);
#1958=COLOUR_RGB('',0.0549019612371922,0.0549019612371922,0.0549019612371922);
#1959=AXIS2_PLACEMENT_3D('',#2186,#2187,#2188);
#1960=AXIS2_PLACEMENT_3D('',#2189,#2190,#2191);
#1961=COLOUR_RGB('',0.0549019612371922,0.0549019612371922,0.0549019612371922);
#1962=COLOUR_RGB('',0.321568638086319,0.321568638086319,0.321568638086319);
#1963=AXIS2_PLACEMENT_3D('',#2192,#2193,#2194);
#1964=COLOUR_RGB('',0.321568638086319,0.321568638086319,0.321568638086319);
#1965=AXIS2_PLACEMENT_3D('',#2195,#2196,#2197);
#1966=COLOUR_RGB('',0.321568638086319,0.321568638086319,0.321568638086319);
#1967=COLOUR_RGB('',0.321568638086319,0.321568638086319,0.321568638086319);
#1968=AXIS2_PLACEMENT_3D('',#2198,#2199,#2200);
#1969=COLOUR_RGB('',0.321568638086319,0.321568638086319,0.321568638086319);
#1970=COLOUR_RGB('',0.321568638086319,0.321568638086319,0.321568638086319);
#1971=COLOUR_RGB('',0.752941191196442,0.752941191196442,0.752941191196442);
#1972=CARTESIAN_POINT('',(0.0,2.4799097682734E-16,-2.55329611620336E-15));
#1973=DIRECTION('',(0.0,1.70793629517016E-16,-1.0));
#1974=DIRECTION('',(0.0,1.0,1.70793629517016E-16));
#1975=CARTESIAN_POINT('',(0.0,2.4799097682734E-16,-2.55329611620336E-15));
#1976=DIRECTION('',(0.0,1.70793629517016E-16,-1.0));
#1977=DIRECTION('',(0.0,1.0,1.70793629517016E-16));
#1978=DIRECTION('',(0.0,1.70793629517016E-16,-1.0));
#1979=CARTESIAN_POINT('',(0.0,-1.20594490131907E-16,2.00648582767358));
#1980=DIRECTION('',(0.0,1.70793629517016E-16,-1.0));
#1981=DIRECTION('',(0.0,1.0,1.70793629517016E-16));
#1982=DIRECTION('',(0.0,-1.70793629517016E-16,1.0));
#1983=CARTESIAN_POINT('',(0.0,2.4799097682734E-16,-2.55329611620336E-15));
#1984=DIRECTION('',(0.0,1.70793629517016E-16,-1.0));
#1985=DIRECTION('',(0.0,1.0,1.70793629517016E-16));
#1986=DIRECTION('',(0.0,-0.0,-1.0));
#1987=DIRECTION('',(0.0,0.0,1.0));
#1988=CARTESIAN_POINT('',(-7.5,0.0,-5.5));
#1989=DIRECTION('',(0.0,0.0,1.0));
#1990=DIRECTION('',(1.0,0.0,0.0));
#1991=DIRECTION('',(0.0,-0.0,-1.0));
#1992=DIRECTION('',(0.0,0.0,1.0));
#1993=CARTESIAN_POINT('',(7.5,0.0,-5.5));
#1994=DIRECTION('',(0.0,0.0,1.0));
#1995=DIRECTION('',(1.0,0.0,0.0));
#1996=CARTESIAN_POINT('',(7.5,0.0,-5.5));
#1997=DIRECTION('',(0.0,0.0,1.0));
#1998=DIRECTION('',(1.0,0.0,0.0));
#1999=CARTESIAN_POINT('',(-7.5,0.0,-5.5));
#2000=DIRECTION('',(0.0,0.0,1.0));
#2001=DIRECTION('',(1.0,0.0,0.0));
#2002=CARTESIAN_POINT('',(0.0,2.4799097682734E-16,-2.55329611620336E-15));
#2003=DIRECTION('',(0.0,1.70793629517016E-16,-1.0));
#2004=DIRECTION('',(0.0,1.0,1.70793629517016E-16));
#2005=CARTESIAN_POINT('',(0.0,-1.20594490131907E-16,2.00648582767358));
#2006=DIRECTION('',(0.0,1.70793629517016E-16,-1.0));
#2007=DIRECTION('',(0.0,1.0,1.70793629517016E-16));
#2008=DIRECTION('',(-0.0,0.0,-1.0));
#2009=CARTESIAN_POINT('',(0.0,0.0,12.95));
#2010=DIRECTION('',(0.0,0.0,-1.0));
#2011=DIRECTION('',(-1.0,0.0,0.0));
#2012=DIRECTION('',(0.0,0.0,1.0));
#2013=CARTESIAN_POINT('',(0.0,0.0,12.8));
#2014=DIRECTION('',(0.0,0.0,1.0));
#2015=DIRECTION('',(-1.0,0.0,0.0));
#2016=CARTESIAN_POINT('',(0.0,0.0,12.8));
#2017=DIRECTION('',(0.0,0.0,1.0));
#2018=DIRECTION('',(-1.0,0.0,0.0));
#2019=CARTESIAN_POINT('',(0.0,0.0,12.95));
#2020=DIRECTION('',(0.0,0.0,-1.0));
#2021=DIRECTION('',(-1.0,0.0,0.0));
#2022=DIRECTION('',(-0.0,-0.0,1.0));
#2023=CARTESIAN_POINT('',(0.0,0.0,0.0));
#2024=DIRECTION('',(0.0,0.0,-1.0));
#2025=DIRECTION('',(-1.0,0.0,0.0));
#2026=CARTESIAN_POINT('',(0.0,0.0,0.0));
#2027=DIRECTION('',(0.0,0.0,-1.0));
#2028=DIRECTION('',(-1.0,0.0,0.0));
#2029=CARTESIAN_POINT('',(0.0,0.0,0.0));
#2030=DIRECTION('',(0.0,0.0,-1.0));
#2031=DIRECTION('',(-1.0,0.0,0.0));
#2032=CARTESIAN_POINT('',(0.0,0.0,0.0));
#2033=DIRECTION('',(0.0,0.0,-1.0));
#2034=DIRECTION('',(-1.0,0.0,0.0));
#2035=DIRECTION('',(-0.0,-0.0,-1.0));
#2036=CARTESIAN_POINT('',(0.0,0.0,18.35));
#2037=DIRECTION('',(0.0,0.0,1.0));
#2038=DIRECTION('',(-1.0,0.0,0.0));
#2039=CARTESIAN_POINT('',(-14.0,-1.71444889535133E-15,18.35));
#2040=DIRECTION('',(1.22460635382238E-16,-1.0,-0.0));
#2041=DIRECTION('',(-1.0,-1.22460635382238E-16,0.0));
#2042=CARTESIAN_POINT('',(0.0,0.0,19.35));
#2043=DIRECTION('',(0.0,0.0,-1.0));
#2044=DIRECTION('',(-1.0,0.0,0.0));
#2045=CARTESIAN_POINT('',(14.0,1.71444889535133E-15,18.35));
#2046=DIRECTION('',(1.22460635382238E-16,-1.0,-0.0));
#2047=DIRECTION('',(1.0,1.22460635382238E-16,0.0));
#2048=CARTESIAN_POINT('',(0.0,0.0,18.35));
#2049=DIRECTION('',(0.0,0.0,1.0));
#2050=DIRECTION('',(-1.0,0.0,0.0));
#2051=DIRECTION('',(-0.0,-0.0,-1.0));
#2052=CARTESIAN_POINT('',(0.0,0.0,18.25));
#2053=DIRECTION('',(0.0,0.0,1.0));
#2054=DIRECTION('',(-1.0,0.0,0.0));
#2055=DIRECTION('',(0.0,0.0,1.0));
#2056=CARTESIAN_POINT('',(0.0,0.0,0.0));
#2057=DIRECTION('',(0.0,0.0,1.0));
#2058=DIRECTION('',(-1.0,0.0,0.0));
#2059=DIRECTION('',(0.0,0.0,-1.0));
#2060=CARTESIAN_POINT('',(0.0,0.0,-1.0));
#2061=DIRECTION('',(0.0,0.0,-1.0));
#2062=DIRECTION('',(0.535396803471265,-0.844600652872558,0.0));
#2063=DIRECTION('',(0.0,0.0,-1.0));
#2064=CARTESIAN_POINT('',(0.0,0.0,0.0));
#2065=DIRECTION('',(0.0,0.0,1.0));
#2066=DIRECTION('',(-1.0,0.0,0.0));
#2067=DIRECTION('',(0.0,0.0,-1.0));
#2068=CARTESIAN_POINT('',(0.0,0.0,-1.0));
#2069=DIRECTION('',(-0.0,0.0,-1.0));
#2070=DIRECTION('',(-0.99914402317619,-0.0413669064748201,0.0));
#2071=DIRECTION('',(0.0,-0.0,1.0));
#2072=CARTESIAN_POINT('',(0.0,0.0,18.25));
#2073=DIRECTION('',(0.0,0.0,1.0));
#2074=DIRECTION('',(-1.0,0.0,0.0));
#2075=DIRECTION('',(0.0,0.0,-1.0));
#2076=CARTESIAN_POINT('',(0.0,0.0,19.5));
#2077=DIRECTION('',(0.0,0.0,-1.0));
#2078=DIRECTION('',(-1.0,0.0,0.0));
#2079=DIRECTION('',(-0.0,-0.0,1.0));
#2080=CARTESIAN_POINT('',(0.0,0.0,19.35));
#2081=DIRECTION('',(0.0,0.0,-1.0));
#2082=DIRECTION('',(-1.0,0.0,0.0));
#2083=DIRECTION('',(-0.0,-0.0,-1.0));
#2084=CARTESIAN_POINT('',(0.0,0.0,19.5));
#2085=DIRECTION('',(0.0,0.0,-1.0));
#2086=DIRECTION('',(-1.0,0.0,0.0));
#2087=DIRECTION('',(-0.0,-0.0,1.0));
#2088=CARTESIAN_POINT('',(0.0,0.0,19.5));
#2089=DIRECTION('',(0.0,0.0,-1.0));
#2090=DIRECTION('',(0.918794223689268,0.394736842105263,0.0));
#2091=DIRECTION('',(0.0,0.0,1.0));
#2092=CARTESIAN_POINT('',(0.0,0.0,19.6505));
#2093=DIRECTION('',(0.0,0.0,-1.0));
#2094=DIRECTION('',(0.918794223689268,0.394736842105263,0.0));
#2095=CARTESIAN_POINT('',(0.0,0.0,19.5));
#2096=DIRECTION('',(0.0,0.0,-1.0));
#2097=DIRECTION('',(-1.0,0.0,0.0));
#2098=DIRECTION('',(1.0,-7.14596067629845E-15,0.0));
#2099=DIRECTION('',(1.0,-7.14596067629845E-15,0.0));
#2100=DIRECTION('',(0.0,0.0,1.0));
#2101=CARTESIAN_POINT('',(0.0,0.0,19.6505));
#2102=DIRECTION('',(0.0,0.0,-1.0));
#2103=DIRECTION('',(0.918794223689268,0.394736842105263,0.0));
#2104=DIRECTION('',(0.0,0.0,1.0));
#2105=CARTESIAN_POINT('',(0.0,0.0,19.5));
#2106=DIRECTION('',(0.0,0.0,-1.0));
#2107=DIRECTION('',(0.918794223689268,0.394736842105263,0.0));
#2108=DIRECTION('',(-1.0,-4.46622542268663E-15,0.0));
#2109=DIRECTION('',(0.0,0.0,1.0));
#2110=DIRECTION('',(-1.0,-4.46622542268663E-15,0.0));
#2111=CARTESIAN_POINT('',(-9.35,-2.30845921639276E-15,19.6505));
#2112=DIRECTION('',(0.0,0.0,-1.0));
#2113=DIRECTION('',(0.0,-1.0,0.0));
#2114=CARTESIAN_POINT('',(-9.35,-2.30845921639276E-15,19.5));
#2115=DIRECTION('',(0.0,0.0,-1.0));
#2116=DIRECTION('',(0.0,-1.0,0.0));
#2117=CARTESIAN_POINT('',(0.0,0.0,-1.0));
#2118=DIRECTION('',(0.0,0.0,1.0));
#2119=DIRECTION('',(-0.532806319538622,0.846237216068702,0.0));
#2120=DIRECTION('',(0.0,0.0,-1.0));
#2121=CARTESIAN_POINT('',(0.0,0.0,0.0));
#2122=DIRECTION('',(0.0,0.0,1.0));
#2123=DIRECTION('',(-0.532806319538622,0.846237216068702,0.0));
#2124=DIRECTION('',(0.0,0.0,-1.0));
#2125=DIRECTION('',(-0.5,0.866025403784439,0.0));
#2126=DIRECTION('',(-0.5,0.866025403784439,0.0));
#2127=DIRECTION('',(-0.5,0.866025403784439,0.0));
#2128=DIRECTION('',(0.5,-0.866025403784439,0.0));
#2129=DIRECTION('',(0.5,-0.866025403784438,0.0));
#2130=DIRECTION('',(0.5,-0.866025403784439,0.0));
#2131=CARTESIAN_POINT('',(0.0,0.0,-1.0));
#2132=DIRECTION('',(0.0,-0.0,1.0));
#2133=DIRECTION('',(0.999266086512628,0.0383051999829841,0.0));
#2134=DIRECTION('',(0.0,0.0,-1.0));
#2135=CARTESIAN_POINT('',(0.0,0.0,0.0));
#2136=DIRECTION('',(0.0,-0.0,1.0));
#2137=DIRECTION('',(0.999266086512628,0.0383051999829841,0.0));
#2138=DIRECTION('',(0.0,0.0,-1.0));
#2139=DIRECTION('',(1.0,0.0,0.0));
#2140=DIRECTION('',(1.0,0.0,0.0));
#2141=DIRECTION('',(1.0,0.0,0.0));
#2142=DIRECTION('',(-1.0,0.0,0.0));
#2143=DIRECTION('',(-1.0,0.0,0.0));
#2144=DIRECTION('',(-1.0,0.0,0.0));
#2145=DIRECTION('',(0.0,0.0,-1.0));
#2146=CARTESIAN_POINT('',(0.0,0.0,-1.0));
#2147=DIRECTION('',(-0.0,0.0,-1.0));
#2148=DIRECTION('',(-0.99914402317619,-0.0413669064748201,0.0));
#2149=CARTESIAN_POINT('',(0.0,0.0,0.0));
#2150=DIRECTION('',(0.0,0.0,-1.0));
#2151=DIRECTION('',(-1.0,0.0,0.0));
#2152=CARTESIAN_POINT('',(0.0,0.0,-1.0));
#2153=DIRECTION('',(0.0,0.0,1.0));
#2154=DIRECTION('',(-0.466459766974006,-0.884542416051687,0.0));
#2155=DIRECTION('',(0.0,0.0,-1.0));
#2156=CARTESIAN_POINT('',(0.0,0.0,0.0));
#2157=DIRECTION('',(0.0,0.0,1.0));
#2158=DIRECTION('',(-0.466459766974006,-0.884542416051687,0.0));
#2159=DIRECTION('',(0.0,0.0,-1.0));
#2160=DIRECTION('',(-0.5,-0.866025403784439,0.0));
#2161=DIRECTION('',(0.0,0.0,-1.0));
#2162=DIRECTION('',(-0.5,-0.866025403784438,0.0));
#2163=DIRECTION('',(-0.5,-0.866025403784438,0.0));
#2164=DIRECTION('',(0.5,0.866025403784439,0.0));
#2165=DIRECTION('',(0.5,0.866025403784438,0.0));
#2166=DIRECTION('',(0.5,0.866025403784438,0.0));
#2167=DIRECTION('',(0.0,0.0,-1.0));
#2168=CARTESIAN_POINT('',(0.0,0.0,-1.0));
#2169=DIRECTION('',(0.0,0.0,-1.0));
#2170=DIRECTION('',(0.463747219704926,0.885967559347379,0.0));
#2171=CARTESIAN_POINT('',(0.0,0.0,0.0));
#2172=DIRECTION('',(0.0,0.0,-1.0));
#2173=DIRECTION('',(-1.0,0.0,0.0));
#2174=CARTESIAN_POINT('',(0.0,0.0,0.0));
#2175=DIRECTION('',(0.0,0.0,-1.0));
#2176=DIRECTION('',(-1.0,0.0,0.0));
#2177=CARTESIAN_POINT('',(0.0,0.0,0.0));
#2178=DIRECTION('',(0.0,0.0,1.0));
#2179=DIRECTION('',(-1.0,0.0,0.0));
#2180=CARTESIAN_POINT('',(0.0,0.0,0.0));
#2181=DIRECTION('',(0.0,0.0,1.0));
#2182=DIRECTION('',(-1.0,0.0,0.0));
#2183=CARTESIAN_POINT('',(0.0,0.0,0.0));
#2184=DIRECTION('',(0.0,0.0,-1.0));
#2185=DIRECTION('',(-1.0,0.0,0.0));
#2186=CARTESIAN_POINT('',(0.0,0.0,19.5));
#2187=DIRECTION('',(0.0,0.0,-1.0));
#2188=DIRECTION('',(-1.0,0.0,0.0));
#2189=CARTESIAN_POINT('',(0.0,0.0,19.35));
#2190=DIRECTION('',(0.0,0.0,-1.0));
#2191=DIRECTION('',(-1.0,0.0,0.0));
#2192=CARTESIAN_POINT('',(0.0,0.0,18.25));
#2193=DIRECTION('',(0.0,0.0,1.0));
#2194=DIRECTION('',(-1.0,0.0,0.0));
#2195=CARTESIAN_POINT('',(0.0,0.0,18.25));
#2196=DIRECTION('',(0.0,0.0,1.0));
#2197=DIRECTION('',(-1.0,0.0,0.0));
#2198=CARTESIAN_POINT('',(0.0,0.0,19.35));
#2199=DIRECTION('',(0.0,0.0,-1.0));
#2200=DIRECTION('',(-1.0,0.0,0.0));
ENDSEC;
END-ISO-10303-21;
